id,file_off,va,chinese,english,notes
0,0x6283c,0x46423c,有什麼我能\n為你服務的嗎？,Is there anything I can do for you?,OK
1,0x6285b,0x46425b,請挑選你想要\n兌換的卡片。,Please pick the card\nyou want to redeem.,OK
2,0x6287a,0x46427a,抱歉！\n你的點數不足！,Sorry!\nNot enough points!,OK
3,0x62895,0x464295,對不起！\n您的卡片欄已滿！,Sorry!\nYour card slots are full!,OK
4,0x628b4,0x4642b4,歡迎下次再來！,Come again!,OK
5,0x628c8,0x4642c8,歡迎光臨\n道具店！,Welcome to the\nItem Shop!,OK
6,0x628df,0x4642df,您要兌換\n什麼道具？,Which item would\nyou like to redeem?,OK
7,0x628f8,0x4642f8,對不起，\n您的點券不夠！,"Sorry, you don't\nhave enough points!",OK
8,0x62915,0x464315,很抱歉！您的\n道具欄已滿！,Sorry!\nYour item slots are full!,OK
9,0x62944,0x464344,這個道具會員\n才能兌換！,Members only!\nCan't redeem this item.,OK
10,0x62934,0x464334,謝謝惠顧！,"Thank you, please come again!",OK
11,0x62994,0x464394,哈囉！\n一券在手，\n希望無窮！,"Hello!\nA ticket in hand,\nendless hope!",OK
12,0x629b6,0x4643b6,只要一千元，\n就有獲得大獎\n的機會！,"Just $1,000 for a\nchance at a grand\nprize!",OK
13,0x629de,0x4643de,請圈選您的\n幸運號碼∼,Please mark your\nlucky numbers~,OK
14,0x629f9,0x4643f9,拜拜！祝您中獎！,Bye! Good luck!,OK
15,0x62a0f,0x46440f,太可惜了！\n您的現金不足∼,What a shame!\nNot enough cash~,OK
16,0x62a2e,0x46442e,下次再來吧！,Come back soon!,OK
17,0x62a40,0x464440,嗨！\n又到了每月\n十五號樂透\n開獎時間∼,Hi! It's the 15th\nagain — time for the\nmonthly lottery\ndraw~,OK
18,0x62a6b,0x46446b,現在馬上為您\n開出這一期的\n號碼．．。,Drawing this month's\nwinning numbers\nright now...,OK
19,0x62a95,0x464495,本月份的得主\n是．．．。,This month's winner\nis...,OK
20,0x62b42,0x464542,約翰喬,John Joe,OK
21,0x62b4e,0x46454e,沙隆巴斯,Salonpas,OK
22,0x62b5c,0x46455c,忍太郎,Ninja Taro,OK
23,0x62b68,0x464568,錢夫人,Madame Qian,OK
24,0x62b74,0x464574,阿土伯,Uncle Tudi,OK
25,0x62b80,0x464580,莎拉公主,Princess Sara,OK
26,0x62b8e,0x46458e,宮本寶藏,Takara Miyamoto,OK
27,0x62b9c,0x46459c,糖糖,Sugar,OK
28,0x62ba6,0x4645a6,烏咪,Mimi,OK
29,0x62bb0,0x4645b0,孫小美,Sun Xiaomei,OK
30,0x62bbc,0x4645bc,小丹尼,Little Danny,OK
31,0x62bc8,0x4645c8,金貝貝,Kimi,OK
32,0x62ab2,0x4644b2,恭喜您獨得\n所有獎金！,Congrats! You win\nthe entire jackpot!,OK
33,0x62acd,0x4644cd,SORRY！\n本月份沒有人\n得獎∼,SORRY!\nNo winners\nthis month~,OK
34,0x62aee,0x4644ee,獎金將累積\n到下個月．\n．．．。,The jackpot rolls\nover to next\nmonth...,OK
35,0x62b12,0x464512,希望下次\n得獎者就\n是您！,Maybe the next\nwinner will\nbe you!,OK
36,0x62b30,0x464530,行動要快喔！,Act fast!,OK
37,0x62be4,0x4645e4,進來魔法屋，就得\n完全照我的指示！,"Enter the Magic House,\nand you'll do exactly\nas I say!",OK
38,0x62c0b,0x46460b,我選出符合條件的人。,I choose those who qualify.,OK
39,0x62c25,0x464625,你來決定他們的命運∼,You decide their fate~,OK
40,0x62c3f,0x46463f,嘿∼輪到你了！,Hey~ your turn!,OK
41,0x62c53,0x464653,天靈靈地靈靈∼,"Spirits above,\nspirits below~",OK
42,0x62c67,0x464667,你想召喚死神，\n為你復仇嗎？,Do you wish to summon\nDeath to take revenge?,OK
43,0x62c88,0x464688,你要死神附身在誰身上？,Who should Death possess?,OK
44,0x62ca4,0x4646a4,天靈靈地靈靈∼,"Spirits above,\nspirits below~",OK
45,0x62cb8,0x4646b8,嘿！你真仁慈∼,Hey! How merciful~,OK
46,0x62ccc,0x4646cc,財產最多的人,Richest player,OK
47,0x62cde,0x4646de,土地最多的人,Player with most land,OK
48,0x62cf0,0x4646f0,房屋最多的人,Player with most buildings,OK
49,0x62d02,0x464702,現金最多的人,Player with most cash,OK
50,0x62d14,0x464714,存款最多的人,Player with most savings,OK
51,0x62d26,0x464726,點券最多的人,Player with most points,OK
52,0x62d38,0x464738,走路的人,Walking player,OK
53,0x62d46,0x464746,騎機車的人,Scooter rider,OK
54,0x62d56,0x464756,開汽車的人,Car driver,OK
55,0x62d66,0x464766,神明附身的人,Possessed player,OK
56,0x62d78,0x464778,所有男生,All men,OK
57,0x62d86,0x464786,所有女生,All women,OK
75,0x62e4c,0x46484c,歡迎光臨\n大富翁銀行！,Welcome to the\nRichman Bank!,OK
76,0x62e67,0x464867,需要我為您\n服務嗎？,How may I\nhelp you?,OK
77,0x62e80,0x464880,您的貸款額度\n為一百萬元。,"Your credit limit\nis $1,000,000.",OK
78,0x62e9f,0x46489f,請輸入您要貸款\n的金額！,Enter the loan\namount!,OK
79,0x62ebc,0x4648bc,您的貸款手續\n已經完成。,Your loan is\napproved.,OK
80,0x62ed9,0x4648d9,請於三個月內\n還清貸款。,Repay within\nthree months.,OK
81,0x62ef6,0x4648f6,很抱歉！\n金額已超過\n許可額度。,Sorry!\nThat exceeds\nyour credit limit.,OK
82,0x62f1a,0x46491a,請輸入您預備\n還款的金額！,Enter the repayment\namount!,OK
83,0x62f39,0x464939,很抱歉！\n您的現金不足。,Sorry!\nNot enough cash.,OK
84,0x62f56,0x464956,您的還款手續\n已完成。,Your repayment\nis complete.,OK
85,0x62f71,0x464971,謝謝您的惠顧！,Thank you for\nyour patronage!,OK
86,0x62f85,0x464985,董事長親自蒞臨\n不知有何指教？,The Chairman himself!\nWhat can I do for you?,OK
87,0x62fa8,0x4649a8,請輸入您要\n週轉的金額∼,Enter the amount you\nwish to borrow~,OK
88,0x62fc5,0x4649c5,行裡現在沒有\n這麼多現金。,The bank doesn't have\nthat much cash.,OK
89,0x62fe4,0x4649e4,請輸入您要\n還款的金額∼,Enter the amount you\nwish to repay~,OK
90,0x63001,0x464a01,董事長您別開玩笑了∼,"Oh Chairman, don't joke~",OK
91,0x6301b,0x464a1b,董事長慢走！,"Goodbye, Chairman!",OK
92,0x63360,0x464d60,各位客戶辛苦了！\n又到了每月銀行\n結算的日子。,"Attention, customers!\nIt's time for the monthly bank settlement.",OK
93,0x63392,0x464d92,大富翁銀行將\n根據您的存款，\n加發１０％的儲金利息。,Richman Bank will pay\n10% interest on\nyour savings.,OK
95,0x633ca,0x464dca,本月悲情人物是．．。,This month's hapless\nsoul is...,OK
96,0x63230,0x464c30,約翰喬,John Joe,OK
97,0x6323c,0x464c3c,沙隆巴斯,Salonpas,OK
98,0x6324a,0x464c4a,忍太郎,Ninja Taro,OK
99,0x63256,0x464c56,錢夫人,Madame Qian,OK
100,0x63262,0x464c62,阿土伯,Uncle Tudi,OK
101,0x6326e,0x464c6e,莎拉公主,Princess Sara,OK
102,0x6327c,0x464c7c,宮本寶藏,Takara Miyamoto,OK
103,0x6328a,0x464c8a,糖糖,Sugar,OK
104,0x63294,0x464c94,烏咪,Mimi,OK
105,0x6329e,0x464c9e,孫小美,Sun Xiaomei,OK
106,0x632aa,0x464caa,小丹尼,Little Danny,OK
107,0x632b6,0x464cb6,金貝貝,Kimi,OK
108,0x63421,0x464e21,別灰心，再加油喔！,"Don't lose heart, keep going!",OK
109,0x63439,0x464e39,本月冠軍是．．。,This month's champion\nis...,OK
110,0x632c2,0x464cc2,約翰喬,John Joe,OK
111,0x632ce,0x464cce,沙隆巴斯,Salonpas,OK
112,0x632dc,0x464cdc,忍太郎,Ninja Taro,OK
113,0x632e8,0x464ce8,錢夫人,Madame Qian,OK
114,0x632f4,0x464cf4,阿土伯,Uncle Tudi,OK
115,0x63300,0x464d00,莎拉公主,Princess Sara,OK
116,0x6330e,0x464d0e,宮本寶藏,Takara Miyamoto,OK
117,0x6331c,0x464d1c,糖糖,Sugar,OK
118,0x63326,0x464d26,烏咪,Mimi,OK
119,0x63330,0x464d30,孫小美,Sun Xiaomei,OK
120,0x6333c,0x464d3c,小丹尼,Little Danny,OK
121,0x63348,0x464d48,金貝貝,Kimi,OK
122,0x63466,0x464e66,其他人還要\n更努力喔！,The rest of you need\nto try harder!,OK
123,0x636fa,0x4650fa,太感激了！我一\n定會報答你的！,Thank you so much!\nI will repay you!,OK
124,0x636b4,0x4650b4,謝謝你！你真是\n我的再生父母！,Thank you! You're\nmy savior!,OK
125,0x636d7,0x4650d7,我先走了！大恩\n大德來日再報！,I must go! I'll never\nforget this debt!,OK
126,0x6371d,0x46511d,受人點水之恩，\n必當湧泉已報！,A drop of kindness\nmust be repaid\nwith a spring!,OK
127,0x63770,0x465170,您好！請問您要替誰\n辦理出院手續？,Hello! Who are you\ndischarging today?,OK
128,0x63797,0x465197,請稍後！,One moment!,OK
129,0x637a5,0x4651a5,ＯＫ！您的朋友已經\n可以出院了！,OK! Your friend is\nfree to go!,OK
130,0x637ca,0x4651ca,要保重身體喔！,Take care!,OK
131,0x63638,0x465038,公開拍賣土地一處。,A plot of land is up\nfor public auction.,OK
132,0x6367d,0x46507d,底價%d元\n請意者出價。,Starting bid $%d.\nPlace your bids!,OK
135,0x63698,0x465098,%d元成交,Sold for $%d!,OK
136,0x634d7,0x464ed7,恭喜約翰喬購得此地！,Congrats to John Joe on this land!,OK
137,0x634f1,0x464ef1,恭喜沙隆巴斯購得此地！,Congrats to Salonpas on this land!,OK
138,0x6350d,0x464f0d,恭喜忍太郎購得此地！,Congrats to Ninja Taro on this land!,OK
139,0x63527,0x464f27,恭喜錢夫人購得此地！,Congrats to Madame Qian on this land!,OK
140,0x63541,0x464f41,恭喜阿土伯購得此地！,Congrats to Uncle Tudi on this land!,OK
141,0x6355b,0x464f5b,恭喜莎拉公主購得此地！,Congrats to Princess Sara on this land!,OK
142,0x63577,0x464f77,恭喜宮本寶藏購得此地！,Congrats to Takara Miyamoto on this land!,OK
143,0x63593,0x464f93,恭喜糖糖購得此地！,Congrats to Sugar on this land!,OK
144,0x635ab,0x464fab,恭喜烏咪購得此地！,Congrats to Mimi on this land!,OK
145,0x635c3,0x464fc3,恭喜孫小美購得此地！,Congrats to Sun Xiaomei on this land!,OK
146,0x635dd,0x464fdd,恭喜小丹尼購得此地！,Congrats to Little Danny on this land!,OK
147,0x635f7,0x464ff7,恭喜金貝貝購得此地！,Congrats to Kimi on this land!,OK
148,0x63663,0x465063,無人出價，宣佈流標。,No bids. Auction failed.,OK
149,0x63a24,0x465424,獄中囚犯無罪開釋,A prisoner is set free,OK
150,0x63a3a,0x46543a,獄中囚犯延長刑期%d天,A prisoner's sentence is extended %d days,OK
151,0x63a54,0x465454,住院中病患提前出院,A hospitalized patient is discharged early,OK
152,0x63a6c,0x46546c,住院中病患延長住院%d天,A patient's hospital stay is extended %d days,OK
153,0x63a88,0x465488,外星人攻打地球,Aliens invade Earth,OK
154,0x63a9c,0x46549c,外星怪獸襲擊%s\n摧毀建築一棟,Alien monster attacks %s\nand destroys a building,OK
155,0x63abd,0x4654bd,%s公告地價調漲３０％,Land value in %s rises 30%,OK
156,0x63ae4,0x4654e4,公開拍賣%s\n公有土地一處,Public auction: public land in %s,OK
157,0x63b01,0x465501,公開表揚第一大地主\n%s獲得%d元獎勵,The top landowner is honored:\n%s wins a %d prize,OK
158,0x63b28,0x465528,公開補助土地最少者\n%s獲得%d元補助,The poorest landowner is subsidized:\n%s receives %d,OK
159,0x63b4f,0x46554f,公開表揚股市第一大戶\n%s獲得%d元獎勵,The top stockholder is honored:\n%s wins a %d prize,OK
160,0x63b78,0x465578,所有人繳交所得稅５％,Everyone pays 5% income tax,OK
161,0x63bac,0x4655ac,所有人繳交地價稅５％,Everyone pays 5% land tax,OK
162,0x63bd4,0x4655d4,所有人繳交證交稅５％,Everyone pays 5% stock tax,OK
163,0x63bfc,0x4655fc,%s房屋鬧鬼\n地價下跌３０％,A house in %s is haunted.\nLand value drops 30%,OK
164,0x63c24,0x465624,%s一處民宅瓦斯爆炸\n房屋失火,A gas explosion in %s\nsets a house on fire,OK
165,0x63c45,0x465645,豪雨特報\n行人休息一回合,Heavy rain warning!\nPedestrians skip a turn,OK
166,0x63c62,0x465662,交通阻塞\n汽車停止一回合,Traffic jam!\nCars stop for a turn,OK
167,0x63c7f,0x46567f,%s強烈地震房屋倒塌,A powerful quake levels buildings in %s,OK
168,0x63c97,0x465697,%s山洪爆發土地流失,A flash flood washes away land in %s,OK
169,0x63caf,0x4656af,超級颱風侵襲%s\n多處房屋受損,A typhoon strikes %s.\nMany buildings damaged,OK
170,0x63cd0,0x4656d0,龍捲風侵襲%s\n摧毀房屋一棟,A tornado hits %s\nand destroys a building,OK
171,0x63cef,0x4656ef,銀行擠兌停止放款１５天,A bank run halts lending for 15 days,OK
172,0x63d0b,0x46570b,銀行加發１０％儲金紅利,The bank pays a 10% interest bonus,OK
173,0x63d3c,0x46573c,股市低迷不振重挫崩盤,The stock market crashes!,OK
174,0x63d56,0x465756,股市氣勢如虹全面上漲,The stock market soars across the board,OK
175,0x63d70,0x465770,股市暫停交易１０天,The stock market halts for 10 days,OK
176,0x63d88,0x465788,%s股票暫停交易１０天,%s stock halts for 10 days,OK
177,0x63da2,0x4657a2,%s股票恢復上市交易,%s stock resumes trading,OK
178,0x63dba,0x4657ba,%s違法超貸\n經營者%s坐牢５天,%s made illegal loans.\nManager %s jailed 5 days,OK
179,0x63ddb,0x4657db,%s工廠排放污水\n罰款10000元,"%s's factory dumped sewage.\nFined $10,000",OK
180,0x63dfb,0x4657fb,%s海外投資\n獲利20000元,"%s invests overseas\nand earns $20,000",OK
181,0x63e17,0x465817,%s海外投資\n虧損20000元,"%s invests overseas\nand loses $20,000",OK
182,0x63e33,0x465833,%s違規開發山坡地\n罰款10000元,"%s developed hillside land.\nFined $10,000",OK
183,0x63e55,0x465855,%s製造噪音公害\n罰款5000元,"%s created a noise hazard.\nFined $5,000",OK
184,0x63e74,0x465874,%s獲利調高一倍,%s's profits double,OK
185,0x63f15,0x465915,強制拆除房屋一棟,One building is demolished,OK
186,0x63f2b,0x46592b,強制徵收土地一處,One plot of land is seized,OK
187,0x63f41,0x465941,人頭被盜用冒貸%d元,Someone took out a fake loan in your name for %d,OK
188,0x63f59,0x465959,支票跳票\n銀行拒絕往來一個月,A check bounced!\nThe bank cuts ties for a month,OK
189,0x63f7a,0x46597a,侵入銀行電腦\n挪用其他人存款%d％,The bank computer was hacked.\n%d% of deposits stolen,OK
190,0x63fa4,0x4659a4,今天是你生日\n向每人收取一張卡片,It's your birthday!\nCollect a card from each player,OK
191,0x63fd8,0x4659d8,強迫出國觀光%d天,Forced to travel abroad for %d days,OK
192,0x63fee,0x4659ee,被外星人綁架%d天,Abducted by aliens for %d days,OK
193,0x64004,0x465a04,股票違約交割損失股票%d％,Stock settlement default: lose %d% of shares,OK
194,0x64028,0x465a28,變賣所有股票求現,All stocks sold for cash,OK
195,0x6403e,0x465a3e,機車被偷遺失,Your scooter was stolen,OK
196,0x64050,0x465a50,汽車撞電線桿全毀,Car hits a pole — totaled,OK
197,0x64066,0x465a66,掉進水溝就醫%d天,Fell into a ditch. Hospitalized %d days,OK
198,0x6407c,0x465a7c,騎機車摔傷住院%d天,Scooter crash. Hospitalized %d days,OK
199,0x64094,0x465a94,行人闖越馬路罰款%d元,Jaywalking fine: $%d,OK
200,0x640ae,0x465aae,騎機車未戴安全帽\n罰款%d元,No helmet fine: $%d,OK
201,0x640cd,0x465acd,汽車超速罰款%d元,Speeding fine: $%d,OK
202,0x640e3,0x465ae3,請所有人吃大餐\n花費%d元,Treated everyone to a feast.\nCost: $%d,OK
203,0x64100,0x465b00,亂丟垃圾罰款%d元,Littering fine: $%d,OK
204,0x64116,0x465b16,你家小狗亂大小便\n罰款%d元,Your dog did its business.\nFine: $%d,OK
205,0x64135,0x465b35,在路邊撿到%d元,Found $%d on the street,OK
206,0x64149,0x465b49,在路邊撿到%d元,Found $%d on the street,OK
207,0x6415d,0x465b5d,在路邊撿到%d元,Found $%d on the street,OK
208,0x64171,0x465b71,遺失錢包損失%d元,Lost wallet: -$%d,OK
209,0x64187,0x465b87,遺失錢包損失%d元,Lost wallet: -$%d,OK
210,0x6419d,0x465b9d,意外獲得遺產%d元,Inherited $%d!,OK
211,0x641b3,0x465bb3,被倒會損失%d元,Rosca organizer ran off. Lost $%d,OK
212,0x641c7,0x465bc7,發票中獎%d元,Winning receipt! Prize $%d,OK
213,0x641d9,0x465bd9,發票中獎%d元,Winning receipt! Prize $%d,OK
214,0x641eb,0x465beb,發票中獎%d元,Winning receipt! Prize $%d,OK
215,0x641fd,0x465bfd,付保險金%d元,Paid insurance premium $%d,OK
216,0x6420f,0x465c0f,領取保險金%d元,Received insurance payout $%d,OK
217,0x64223,0x465c23,變賣所有卡片道具,Sell all cards & items,OK
218,0x64239,0x465c39,酒醉大鬧警局坐牢%d天,Drunk and disorderly. Jailed %d days,OK
219,0x64253,0x465c53,防礙風化坐牢%d天,Public indecency. Jailed %d days,OK
220,0x64269,0x465c69,走私毒品坐牢%d天,Drug smuggling. Jailed %d days,OK
221,0x6427f,0x465c7f,販賣大補帖坐牢%d天,Pirated software sales. Jailed %d days,OK
222,0x64297,0x465c97,酒醉大鬧警局坐牢%d天,Drunk and disorderly. Jailed %d days,OK
223,0x642b1,0x465cb1,違法聚眾示威坐牢%d天,Unlawful assembly. Jailed %d days,OK
224,0x642cb,0x465ccb,獵捕保育動物坐牢%d天,Poached protected animals. Jailed %d days,OK
225,0x642e5,0x465ce5,盜賣國寶坐牢%d天,Smuggled national treasures. Jailed %d days,OK
226,0x642fb,0x465cfb,誘騙未成年少女拘役%d天,Corrupting a minor. Detained %d days,OK
227,0x64317,0x465d17,防礙風化坐牢%d天,Public indecency. Jailed %d days,OK
228,0x6432d,0x465d2d,走私毒品坐牢%d天,Drug smuggling. Jailed %d days,OK
229,0x64343,0x465d43,施放毒氣坐牢%d天,Released toxic gas. Jailed %d days,OK
230,0x64359,0x465d59,非法持有槍械坐牢%d天,Illegal firearm possession. Jailed %d days,OK
231,0x64373,0x465d73,毆打警員坐牢%d天,Assaulted an officer. Jailed %d days,OK
232,0x64389,0x465d89,獵捕保育動物坐牢%d天,Poached protected animals. Jailed %d days,OK
233,0x643a3,0x465da3,盜賣國家機密坐牢%d天,Sold state secrets. Jailed %d days,OK
234,0x669e7,0x4683e7,衝啊！\n野牛號！,"Charge, Bison!",OK
235,0x669fc,0x4683fc,嗨！寶貝∼\n一起去兜風吧！,Hi sweetheart~\nLet's go for a ride!,OK
236,0x66981,0x468381,替我除掉\n障礙物！,Clear those\nobstacles for me!,OK
237,0x66998,0x468398,此路是我開，\n此樹是我栽∼,"This road is mine,\nI planted every tree~",OK
238,0x669b7,0x4683b7,小心！\n步步危機∼,Watch out! Danger at every step~,OK
239,0x669ce,0x4683ce,送你們一個\n小禮物∼,A little gift\nfor you~,OK
240,0x66a1b,0x46841b,炸得你\n雞飛狗跳∼∼,I'll blow you all\nto smithereens~~,OK
241,0x66a34,0x468434,要幾點有幾點！\n開∼,Any number I want!\nGo~,OK
242,0x66a64,0x468464,如果再回到\n從前∼,If I could return\nto the past~,OK
243,0x66a7b,0x46847b,瞬間移動！！,Teleport!!,OK
244,0x66a8d,0x46848d,拆除大隊來了！,The demolition crew is here!,OK
245,0x66aa1,0x4684a1,各∼位∼觀∼眾\n．．．．。,Ladies~ and~ gentlemen~...,OK
246,0x66a4d,0x46844d,兄弟們！\n上工了∼,Boys!\nTime to work~,OK
247,0x66ac0,0x4684c0,誰敢擋我\n去路？！,Who dares block\nmy path?!,OK
248,0x66ad7,0x4684d7,誰這麼缺德？！,Who's so heartless?!,OK
249,0x66aeb,0x4684eb,我不要∼∼∼,I don't want this~~~,OK
250,0x66b44,0x468544,沒駱駝\n就騎車吧！,No camel?\nRide a bike!,OK
251,0x66b5b,0x46855b,我是有車階級！,I'm a car owner!,OK
252,0x66afd,0x4684fd,衝啊！寶貝！,"Charge, baby!",OK
253,0x66b0f,0x46850f,道路施工∼,Road work ahead~,OK
254,0x66b1f,0x46851f,嘻嘻！,Hee hee!,OK
255,0x66b2b,0x46852b,送你一個\n愛的禮物∼,A gift of love\nfor you~,OK
256,0x66b6f,0x46856f,瞄準，發射！,"Aim, fire!",OK
257,0x66b81,0x468581,來個幸運\n數字吧！,Let's have a\nlucky number!,OK
258,0x66ba8,0x4685a8,「回到未來」\n看過嗎？,"Ever seen\n""Back to the Future""?",OK
259,0x66bc3,0x4685c3,愛搬什麼\n就搬什麼！,Move whatever\nyou like!,OK
260,0x66bdc,0x4685dc,我懷念廣闊\n的沙漠∼,I miss the open\ndesert~,OK
261,0x66bf5,0x4685f5,看我的\n秘密武器∼,Behold my\nsecret weapon~,OK
262,0x66b98,0x468598,開工大吉∼,Breaking ground~,OK
263,0x66c0c,0x46860c,被擋住了∼,Blocked~,OK
264,0x66c1c,0x46861c,完蛋了∼,I'm doomed~,OK
265,0x66c2a,0x46862a,我怎麼這麼衰∼,Why am I so unlucky~,OK
266,0x66c92,0x468692,沒看過忍者\n騎機車啊？,Never seen a ninja\non a scooter?,OK
267,0x66cad,0x4686ad,帥吧！,"Cool, right?",OK
268,0x66c3e,0x46863e,衝啊∼\n開路先鋒！,"Onward,\ntrailblazer!",OK
269,0x66c55,0x468655,誰都別想過！,No one gets through!,OK
270,0x66c67,0x468667,誰踩到誰倒楣！,Step on it and regret it!,OK
271,0x66c7b,0x46867b,要命的\n就別過來！,Come closer\nif you dare!,OK
272,0x66cb9,0x4686b9,不想死的\n靠邊站∼,Step aside if you\nwant to live~,OK
273,0x66cd0,0x4686d0,未來掌握在\n自己手中。,The future is in\nyour own hands.,OK
274,0x66cff,0x4686ff,我真懷念\n以前的日子。,I miss the old days.,OK
275,0x66d1a,0x46871a,科技的結晶∼,The pinnacle of technology~,OK
276,0x66d2c,0x46872c,讓我來開拓\n人生的大道∼,Let me pave the road\nof my life~,OK
277,0x66d49,0x468749,看我的\n終極必殺技∼∼,Watch my ultimate\nfinishing move~~,OK
278,0x66ceb,0x4686eb,準備大興土木∼,Get ready for major construction~,OK
279,0x66d64,0x468764,別攔我！,Don't stop me!,OK
280,0x66d72,0x468772,我慘了∼,I'm in trouble~,OK
281,0x66d80,0x468780,快丟給別人！,Pass it to someone else!,OK
282,0x66de6,0x4687e6,架式十足吧！,quite the pose!,OK
283,0x66df8,0x4687f8,懶得走路∼,Too lazy to walk~,OK
284,0x66d92,0x468792,娃娃！\n去幫我開路吧！,Doll!\nClear the way!,OK
285,0x66dad,0x4687ad,看我的！！,Take this!!,OK
286,0x66dbd,0x4687bd,嘿嘿嘿∼,Hee hee hee~,OK
287,0x66dcb,0x4687cb,我又要害人了，\n嘻嘻∼,"Time to cause trouble,\nhee hee~",OK
288,0x66e08,0x468808,看我的\n木蘭飛彈！,Behold my\nMulan missile!,OK
289,0x66e1f,0x46881f,老娘\n玩玩十八啦∼,Mommy wants to play\nsome roulette~,OK
290,0x66e4f,0x46884f,唉！\n還是從前好。,Ah!\nThe good old days were better.,OK
291,0x66e66,0x468866,乾坤大挪移！,Cosmic Shuffle!,OK
292,0x66e78,0x468878,違章建築\n怎麼沒人管啊？,Why doesn't anyone\ndeal with these illegal builds?,OK
293,0x66e95,0x468895,世界末日到嘍∼,Judgment Day is here~,OK
294,0x66e36,0x468836,幹活吧！\n我的奴隸∼,"Work, my slave~",OK
295,0x66ea9,0x4688a9,勾破絲襪了∼,I snagged my stockings~,OK
296,0x66ebb,0x4688bb,啊！\n我的香奈兒∼,Ah! My Chanel~,OK
297,0x66ed2,0x4688d2,哇∼\n快要爆了！,Wow~\nIt's about to blow!,OK
298,0x66f29,0x468929,騎噴射鐵馬\n來去！,"Riding the rocket\nbike, here I come!",OK
299,0x66f40,0x468940,老伙啊\n未堪著用行ㄟ！,Old thing ain't\ngood for riding!,OK
300,0x66ee7,0x4688e7,呼伊去∼,Off you go~,OK
301,0x66ef5,0x4688f5,甲我凍咧,Wait right there!,OK
302,0x66f03,0x468903,大家卡注意ㄟ！,"Everybody, watch out!",OK
303,0x66f17,0x468917,看誰人卡衰？,Who's the unlucky one?,OK
304,0x66f5b,0x46895b,卡有氣魄耶！,Gotta have guts!,OK
305,0x66f6d,0x46896d,搖幾點卡好？,What number should I roll?,OK
306,0x66f98,0x468998,嘸算嘸算，\n重來啦,"No way, no way!\nLet me redo that!",OK
307,0x66faf,0x4689af,這是蝦米？,What's this?,OK
308,0x66fbf,0x4689bf,人抓厝拆∼,"Game over, house down~",OK
309,0x66fcf,0x4689cf,乎我爆到\n就吃力了喔！,You'll be in trouble\nif I blow up!,OK
310,0x66f7f,0x46897f,兄弟啊∼\n卡打拼ㄟ！,Brothers~\nLet's hustle!,OK
311,0x66fea,0x4689ea,麥凍路啦！,Get out of the way!,OK
312,0x66ffa,0x4689fa,誰人放的！！！,Who put this here!!!,OK
313,0x6700e,0x468a0e,猴死囝仔！,You little rascal!,OK
314,0x67076,0x468a76,香車配美人∼,A fancy car for\na beauty~,OK
315,0x67088,0x468a88,本公主\n還欠個司機∼,This princess still\nneeds a chauffeur~,OK
316,0x6701e,0x468a1e,替我開路吧！\n娃娃兵！,"Clear the way,\nrobot kids!",OK
317,0x67039,0x468a39,任何人\n都不許通過。,No one\ngets through.,OK
318,0x67052,0x468a52,別怪我！！,Don't blame me!!,OK
319,0x67062,0x468a62,倒數計時開始∼,The countdown begins~,OK
320,0x670a1,0x468aa1,你們\n大難臨頭了！,You're all\ndoomed!,OK
321,0x670b8,0x468ab8,我的\n幸運數字是？,What's my\nlucky number?,OK
322,0x670f1,0x468af1,昨日多麼美好∼,Yesterday was beautiful~,OK
323,0x67105,0x468b05,想不到\n有這一招吧？,Did you expect\nthis trick?,OK
324,0x6711e,0x468b1e,本公主\n要一路拆過去∼,This princess will\ndemolish everything in my path~,OK
325,0x67139,0x468b39,人不為己，\n天誅地滅∼,"Look out for yourself,\nor heaven destroys you~",OK
326,0x670cf,0x468acf,勤快點！\n本公主\n會親自驗收！,Work hard!\nThis princess will\ninspect it personally!,OK
327,0x67154,0x468b54,誰敢擋本公主？,Who dares block this princess?,OK
328,0x67168,0x468b68,不會吧？！,No way?!,OK
329,0x67178,0x468b78,誰來把它拿走？,Who will take it away?,OK
330,0x671eb,0x468beb,去吧，\n我的HONDA！,"Go, my HONDA!",OK
331,0x67203,0x468c03,去吧，\n我的TOYOTA！,"Go, my TOYOTA!",OK
332,0x6718c,0x468b8c,嗶嗶嗶，\n交給我來！,"Beep beep beep,\nleave it to me!",OK
333,0x671a5,0x468ba5,請慢∼慢∼\n地品味吧！,Please savor it\ns~l~o~w~l~y~!,OK
334,0x671c0,0x468bc0,請慢∼慢∼\n走哦！,Take it s~l~o~w~\nand easy now!,OK
335,0x671d7,0x468bd7,呵呵，好期待！,"Heh heh, can't wait!",OK
336,0x6721c,0x468c1c,去吧，\n我的飛彈！,"Go, my missile!",OK
337,0x67233,0x468c33,好，\n本大人要走了！,"Well,\nI'm off!",OK
338,0x6725e,0x468c5e,飛呀飛呀，\n回到過去∼,"Fly, fly,\nback to the past~",OK
339,0x67279,0x468c79,真方便的傢伙,What a handy gadget,OK
340,0x6728b,0x468c8b,哼，拆了你！,"Hmph, I'll tear it down!",OK
341,0x6729d,0x468c9d,去，核子彈！,"Go, nuke!",OK
342,0x6724c,0x468c4c,該我上場了！,My turn to shine!,OK
343,0x672af,0x468caf,停下來了！,It stopped!,OK
344,0x672bf,0x468cbf,畜生！,Beast!,OK
345,0x672cb,0x468ccb,嗚哇∼∼！,Waaah~~!,OK
346,0x67338,0x468d38,我會\n減速慢行的！,I'll slow down\nfor safety!,OK
347,0x6734f,0x468d4f,我會\n遵守交通規則！,I'll obey\nthe traffic laws!,OK
348,0x672db,0x468cdb,好多東西\n擋路喔！,So many things\nin the way!,OK
349,0x672f2,0x468cf2,此路不通！！！,ROAD CLOSED!!!,OK
350,0x67306,0x468d06,送你一份\n愛的禮物∼,A gift of love\nfor you~,OK
351,0x6731f,0x468d1f,小心\n不要踩到了喔！,"Careful,\ndon't step on it!",OK
352,0x67368,0x468d68,報仇的時候\n到了！,Time for\nrevenge!,OK
353,0x6737f,0x468d7f,猜猜看\n我要走幾步？,Guess how many\nsteps I'll take?,OK
354,0x673ac,0x468dac,運氣太差了！,Such bad luck!,OK
355,0x673be,0x468dbe,這機器\n很神奇喔！,This machine\nis amazing!,OK
356,0x673d5,0x468dd5,趕快離開就不會\n有人受傷！！,Run away and\nno one gets hurt!!,OK
357,0x673f6,0x468df6,害過我的人\n當心了∼,"Those who wronged me,\nbeware~",OK
358,0x67398,0x468d98,蓋得越高越好！,"The taller, the better!",OK
359,0x6740f,0x468e0f,誰這麼無聊？！,Who's so bored?!,OK
360,0x67423,0x468e23,我怎麼\n這麼不小心？！,How could I be\nso careless?!,OK
361,0x6743e,0x468e3e,害人精！！,You troublemaker!!,OK
362,0x67490,0x468e90,喔∼∼∼\n喔∼∼∼,Ohh~~~\nOhh~~~,OK
363,0x674a7,0x468ea7,胡攪瞎搞\n胡攪瞎搞∼,"Messing around,\nmessing around~",OK
364,0x6744e,0x468e4e,衝啊！,Charge!,OK
365,0x6745a,0x468e5a,交通管制！,Traffic control!,OK
366,0x6746a,0x468e6a,我什麼都沒做∼,I didn't do anything~,OK
367,0x6747e,0x468e7e,沒人看到吧？,"No one saw that, right?",OK
368,0x674c0,0x468ec0,瞄準目標！！,Target locked!!,OK
369,0x674d2,0x468ed2,隨心所欲\n自由自在！,"Do whatever you want,\nfree as a bird!",OK
370,0x674ff,0x468eff,時光倒流嘍！,Time flows backward!,OK
371,0x67511,0x468f11,這要怎麼用啊？,How do I use this?,OK
372,0x67525,0x468f25,拿你們來開刀！,You'll be my targets!,OK
373,0x67539,0x468f39,我放煙火\n給大家看！,Fireworks\nfor everyone!,OK
374,0x674eb,0x468eeb,動作快一點！！,Hurry up!!,OK
375,0x67552,0x468f52,我停∼,I'll stop~,OK
376,0x6755e,0x468f5e,烏咪好可憐喔！,Poor little Mimi!,OK
377,0x67572,0x468f72,快爆炸了啦！！,It's going to blow!!,OK
378,0x675c4,0x468fc4,交通安全\n要注意！,Pay attention to\ntraffic safety!,OK
379,0x675db,0x468fdb,我喜歡\n追求速度感！,I love the\nneed for speed!,OK
380,0x67586,0x468f86,小可愛，去吧,"Go, little cutie!",OK
381,0x67598,0x468f98,閒人止步！,No entry!,OK
382,0x675a8,0x468fa8,別大意呀,Stay alert,OK
383,0x675b6,0x468fb6,吃顆蛋吧,Have an egg,OK
384,0x675f4,0x468ff4,賞你一枚飛彈！,Have a missile on me!,OK
385,0x67608,0x469008,我可以去\n想去的地方了！,Now I can go\nanywhere I want!,OK
386,0x6763c,0x46903c,倒退一回合！！,Go back a turn!!,OK
387,0x67650,0x469050,得之不易，\n想清楚再用！,Hard-won:\nthink before you use it!,OK
388,0x6766d,0x46906d,我來檢測大家的\n房子堅不堅固？,Let me test if your\nbuildings are sturdy~,OK
389,0x67690,0x469090,對敵人仁慈，\n就是對自己殘忍,Mercy to your enemy\nis cruelty to yourself,OK
390,0x67625,0x469025,你們辦事\n我放心∼,Your work gives me\nconfidence~,OK
391,0x676b1,0x4690b1,有夠機車！！,So God dang annoying!!,OK
392,0x676c3,0x4690c3,真倒霉！！,What bad luck!!,OK
393,0x676d3,0x4690d3,誰來接手∼∼,Who'll take over~~,OK
394,0x67721,0x469121,跑快一點！,Run faster!,OK
395,0x67731,0x469131,比火箭還快喔！,Faster than a rocket!,OK
396,0x676e5,0x4690e5,衝呀！衝呀！,Charge! Charge!,OK
397,0x676f7,0x4690f7,禁止通行！,No entrance!,OK
398,0x67707,0x469107,注意！,Look out!,OK
399,0x67713,0x469113,小心點！,Careful!,OK
400,0x67745,0x469145,嗨！大夥兒們！,"Hi, everyone!",OK
401,0x67759,0x469159,心想事成！,May your wishes come true!,OK
402,0x67779,0x469179,回到過去！！,Back to the past!!,OK
403,0x6778b,0x46918b,好機器！,Great machine!,OK
404,0x67799,0x469199,我是\n魔鬼終結者！,I am the\nTerminator!,OK
405,0x677b0,0x4691b0,世界末日到了∼,The apocalypse is here~,OK
406,0x67769,0x469169,快來幫手！,Someone help!,OK
407,0x677c4,0x4691c4,噢！,Oh!,OK
408,0x677ce,0x4691ce,完了！,It's over!,OK
409,0x677da,0x4691da,大事不妙∼,"Oh no, this is bad~",OK
410,0x677ea,0x4691ea,@20,@20,OK
411,0x677f3,0x4691f3,@19,@19,OK
412,0x677fc,0x4691fc,@19,@19,OK
413,0x67805,0x469205,@19,@19,OK
414,0x6780e,0x46920e,@20,@20,OK
415,0x67817,0x469217,@20,@20,OK
416,0x67820,0x469220,@19,@19,OK
417,0x67829,0x469229,@20,@20,OK
418,0x67832,0x469232,@20,@20,OK
419,0x6783b,0x46923b,@20,@20,OK
420,0x67844,0x469244,@20,@20,OK
421,0x6784d,0x46924d,@20,@20,OK
422,0x67856,0x469256,@19,@19,OK
423,0x6785f,0x46925f,@05,@05,OK
424,0x67868,0x469268,@07,@07,OK
425,0x67871,0x469271,@02,@02,OK
426,0x6787a,0x46927a,有錢大家花！,Money for everyone!,OK
427,0x6788c,0x46928c,朋友有\n通財之義！,We're friends —\nwhat's yours is mine!,OK
428,0x678a3,0x4692a3,讓我把它\n據為己有！！,I'll take it\nfor myself!!,OK
429,0x678be,0x4692be,黃金地段\n讓給你！！,I'll give you this\nprime land!!,OK
430,0x678d7,0x4692d7,給你面子\n才跟你換的喔！,I'm only trading\nout of respect for you!,OK
431,0x678f4,0x4692f4,向後轉！\n齊步走！！,About face!\nMarch!!,OK
432,0x6790d,0x46930d,不必謝我！！,No need to thank me!!,OK
433,0x6791f,0x46931f,漫天喊價\n就地還錢！,"Charge the sky,\nsettle on the cheap!",OK
434,0x67938,0x469338,喔！\n哈利路亞！,Oh!\nHallelujah!,OK
435,0x6794d,0x46934d,嗚！\n邪惡的使者∼,Woe!\nAgents of evil~,OK
436,0x67964,0x469364,全部夷為\n平地！！,Raze it all\nto the ground!!,OK
437,0x6797b,0x46937b,真礙眼！！！,What an eyesore!!!,OK
438,0x6798d,0x46938d,把值錢的東西\n交出來！！,Hand over your\nvaluables!!,OK
439,0x679aa,0x4693aa,不許動！！,Freeze!!,OK
440,0x679ba,0x4693ba,早睡早起\n身體好！,"Early to bed,\nearly to rise!",OK
441,0x679d1,0x4693d1,睡吧睡吧∼,"Sleep, sleep~",OK
442,0x679e1,0x4693e1,去吃牢飯吧！！,Enjoy prison food!!,OK
443,0x679f5,0x4693f5,拖你一起\n下水！！,I'll drag you down\nwith me!!,OK
444,0x67a0c,0x46940c,怕你不成！！！,As if I'm scared!!!,OK
445,0x67a20,0x469420,有錢也不給你！,Not even if I'm rich!,OK
446,0x67a34,0x469434,想抓我\n還早得很呢！,You're far from\ncatching me!,OK
447,0x67a4d,0x46944d,快滾！\n我不需要你！,Get lost!\nI don't need you!,OK
448,0x67a66,0x469466,快來幫我吧！,Someone help me!,OK
449,0x67a78,0x469478,跟著我買股票\n準沒錯！,Follow my stock picks\nand you can't lose!,OK
450,0x67a93,0x469493,這支股票\n太貴了！！,This stock is\nway too expensive!!,OK
451,0x67aac,0x4694ac,別想逃漏稅！,Don't even think about tax evasion!,OK
452,0x67abe,0x4694be,小本經營\n恕不賒欠！！,Small business —\nno credit!!,OK
453,0x67ad9,0x4694d9,年度回饋，\n全面免費！,"Annual customer\nappreciation, everything free!",OK
454,0x67af4,0x4694f4,好哥兒們！！,Buddy!!,OK
455,0x67b06,0x469506,瞧你那溫吞\n的模樣！,Look how sluggish\nyou are!,OK
456,0x67b1f,0x46951f,回去巡視一下！,Go check the premises!,OK
457,0x67b33,0x469533,蓋什麼好呢？,What should I build?,OK
458,0x67b45,0x469545,一動不如一靜！,Better to sit still\nthan make a bad move!,OK
459,0x67b59,0x469559,慢慢走\n比較保險！,Walking slowly\nis safer!,OK
460,0x67b70,0x469570,喔！\n我的血汗錢！！,Oh!\nMy hard-earned money!!,OK
461,0x67b89,0x469589,好大的膽子！！,You've got some nerve!!,OK
462,0x67b9d,0x46959d,誰敢動我的地！,Who dares touch my land!,OK
463,0x67bb1,0x4695b1,太不給面子了！,You have no respect!,OK
464,0x67bc5,0x4695c5,好馬不吃\n回頭草！！,A good horse never\neats grass behind it!!,OK
465,0x67bde,0x4695de,竟然破壞\n我的好事？！,You dare ruin\nmy plans?!,OK
466,0x67bf9,0x4695f9,誰敢買試試看！,Try buying it — I dare you!,OK
467,0x67c0d,0x46960d,拆得還真乾淨∼,Torn down nice and clean~,OK
468,0x67c21,0x469621,你皮在癢啊？,You asking for trouble?,OK
469,0x67c33,0x469633,竟敢在太歲\n頭上動土？！,How dare you kick\nthe hornet's nest?!,OK
470,0x67c50,0x469650,嗚！\n被關禁閉了！,Woe!\nI'm locked up!,OK
471,0x67c67,0x469667,哼！出獄後\n又是一條好漢！,"Hmph! Out of jail,\nI'll be back on my feet!",OK
472,0x67c86,0x469686,唉！\n損人不利己∼,"Ah!\nHurting others, gaining nothing~",OK
473,0x67c9d,0x46969d,喂！\n有沒有搞錯啊？,Hey!\nWhat's wrong with you?,OK
474,0x67cb6,0x4696b6,算了！\n老子有的是錢。,Whatever!\nI've got money to burn.,OK
475,0x67cd1,0x4696d1,算你狠！！,You're ruthless!!,OK
476,0x67ce1,0x4696e1,可別想占我\n便宜！,Don't try to take\nadvantage of me!,OK
477,0x67cf8,0x4696f8,急驚風遇到\n慢郎中∼,Impatience meets\nslowness~,OK
478,0x67d11,0x469711,四海之內\n皆兄弟！,All men\nare brothers!,OK
479,0x67d28,0x469728,拿些錢來\n週轉週轉吧！,Lend me some money\nto tide me over!,OK
480,0x67d43,0x469743,喜歡就給它\n買起來！,"If you like it,\nbuy it all up!",OK
481,0x67d5c,0x46975c,今天是搬家的\n好日子！,Today's a great day\nfor moving!,OK
482,0x67d77,0x469777,你的房子比較\n堅固喔！,Your house is\nsturdier!,OK
483,0x67d92,0x469792,此路不通！,ROAD CLOSED!,OK
484,0x67da2,0x4697a2,幫你一個忙∼,Let me do you a favor~,OK
485,0x67db4,0x4697b4,生活困難，\n賣屋求現∼,Hard times — selling\nthe house for cash~,OK
486,0x67dcf,0x4697cf,阿拉真主！\n請派使者降臨！,"Allah, send down\nyour messenger!",OK
487,0x67dee,0x4697ee,讓你們嚐嚐\n惡魔的厲害！,Taste the power\nof the demon!,OK
488,0x67e0b,0x46980b,全都給我拆了！,Tear it ALL down!,OK
489,0x67e1f,0x46981f,違章建築，\n隨報隨拆！,Illegal construction —\ndemolished on sight!,OK
490,0x67e3a,0x46983a,好東西要與\n好朋友分享！,Good things are meant\nto be shared with friends!,OK
491,0x67e57,0x469857,留下來\n讓我款待！,Stay and let me\ntreat you!,OK
492,0x67e6e,0x46986e,祝你們有一個\n好夢∼,Sweet dreams\neveryone~,OK
493,0x67e87,0x469887,睡∼\n深深熟睡∼,"Sleep...\ndeep, deep sleep~",OK
494,0x67e9c,0x46989c,法網恢恢\n疏而不漏！,"The net of justice\nis vast, but nothing escapes!",OK
495,0x67eb5,0x4698b5,這下你\n高興了吧！！,Happy now?!,OK
496,0x67ece,0x4698ce,幸好有\n代罪羔羊∼,Good thing there's\na scapegoat~,OK
497,0x67ee5,0x4698e5,能省則省！,Save where you can!,OK
498,0x67ef5,0x4698f5,想害我？\n門都沒有！！,You want to hurt me?\nNot a chance!!,OK
499,0x67f10,0x469910,您去忙您的吧！,Go attend to your business!,OK
500,0x67f24,0x469924,天靈靈地靈靈！,"Spirits above,\nspirits below!",OK
501,0x67f38,0x469938,我是護盤高手！,I'm a market-support master!,OK
502,0x67f4c,0x46994c,我是操盤高手！,I'm a trading master!,OK
503,0x67f60,0x469960,閒閒沒事\n繳繳稅吧！,Nothing to do?\nPay some taxes then!,OK
504,0x67f79,0x469979,反應成本\n適度調漲∼,Raising prices reflectively\nto match costs~,OK
505,0x67f92,0x469992,黑店誰要去啊？,Who'd go to such a crooked shop?,OK
506,0x67fa6,0x4699a6,團結力量大！,Unity is strength!,OK
507,0x67fb8,0x4699b8,趕著去\n投胎啊？！,Rushing to your\nnext life?!,OK
508,0x67fcf,0x4699cf,掉頭為妙！,Best turn around!,OK
509,0x67fdf,0x4699df,換換口味好了∼,Time for a change of pace~,OK
510,0x67ff3,0x4699f3,喘死了！\n休息一下！,Exhausted!\nTime for a rest!,OK
511,0x6800c,0x469a0c,胖子走路\n比較慢∼,Big guys walk slower~,OK
512,0x68023,0x469a23,為什麼是我？！,Why me?!,OK
513,0x68037,0x469a37,有沒有天良啊？,Have you no conscience?,OK
514,0x6804b,0x469a4b,搞什麼鬼啊？,What the heck?,OK
515,0x6805d,0x469a5d,不要啦！那房子\n會漏水耶！,No! That house\nhas a leaky roof!,OK
516,0x6807c,0x469a7c,我不想走\n回頭路∼,I don't want to retrace my steps~,OK
517,0x68093,0x469a93,給我改回來！！,Change it back!!,OK
518,0x680a7,0x469aa7,至少也出個\n好價錢∼,At least offer a\ngood price~,OK
519,0x680c0,0x469ac0,破壞大王！！,Master of Destruction!!,OK
520,0x680d2,0x469ad2,你就不能\n手下留情嗎？,Couldn't you go\neasy on me?,OK
521,0x680ed,0x469aed,你真是\n太沒品了∼,You're truly beneath contempt~,OK
522,0x68104,0x469b04,嗚！寸步難移∼,Waa! Can't move an inch~,OK
523,0x68118,0x469b18,抓錯人了啦！！,You got the wrong person!!,OK
524,0x6812c,0x469b2c,哼！我高興\n我喜歡我愛∼,"Hmph! I do what I want, when I want~",OK
525,0x68149,0x469b49,我招誰惹誰啊？,What did I ever do to anyone?,OK
526,0x6815d,0x469b5d,吝嗇鬼！！！,Miser!!!,OK
527,0x6816f,0x469b6f,我已經繳過了！,I already paid!,OK
528,0x68183,0x469b83,好啦！\n不收你的錢啦！,"OK, OK!\nI won't charge you!",OK
529,0x6819e,0x469b9e,散散步也好∼,A stroll wouldn't hurt~,OK
530,0x681b0,0x469bb0,大家不用\n感謝我！,No need to\nthank me!,OK
531,0x681c7,0x469bc7,朋友之間\n別計較太多！,Friends shouldn't\nsweat the details!,OK
532,0x681e2,0x469be2,這塊地不錯喔！,Nice plot of land!,OK
533,0x681f6,0x469bf6,換換風水吧！,Time for a change of feng shui!,OK
534,0x68208,0x469c08,把房子過戶\n給我吧！,Hand the house\nover to me!,OK
535,0x68221,0x469c21,道路施工，\n敬請改道！,Road work ahead.\nPlease detour!,OK
536,0x6823c,0x469c3c,請包商來\n估個價吧！,Call a contractor\nto get an estimate!,OK
537,0x68255,0x469c55,要喝西北風了！,We'll be eating nothing!,OK
538,0x68269,0x469c69,給你好看！！,I'll teach you!!,OK
539,0x6827b,0x469c7b,你們的\n報應來了！,Karma has come\nfor you!,OK
540,0x68292,0x469c92,哥吉拉∼∼∼,GODZILLA~~~,OK
541,0x682a4,0x469ca4,就是看你\n不順眼！,I just don't\nlike you!,OK
542,0x682bb,0x469cbb,要錢要命\n要老婆？,"Money, your life,\nor your wife?!",OK
543,0x682d2,0x469cd2,讓我盡盡\n地主之誼！,Let me do my duty\nas your host!,OK
544,0x682eb,0x469ceb,安息吧！,Rest in peace!,OK
545,0x682f9,0x469cf9,祝你美夢成真。,May your dreams\ncome true.,OK
546,0x6830d,0x469d0d,天理昭彰\n報應不爽！,Karma strikes\nwithout fail!,OK
547,0x68326,0x469d26,跟我作伴吧！,Keep me company!,OK
548,0x68338,0x469d38,找個倒楣鬼∼,Find an unlucky sucker~,OK
549,0x6834a,0x469d4a,我才不爽付呢！,Like hell I'll pay!,OK
550,0x6835e,0x469d5e,別傻了！！,Don't be stupid!!,OK
551,0x6836e,0x469d6e,你把我害得\n夠慘了！,You've really\nruined me!,OK
552,0x68387,0x469d87,有請諸神降臨！,Summoning all the gods!,OK
553,0x6839b,0x469d9b,等著收錢吧！！,Just wait for my money!!,OK
554,0x683af,0x469daf,再不拋售\n就來不及了！,Sell now or\nit's too late!,OK
555,0x683ca,0x469dca,萬稅萬稅\n萬萬稅！！,"Taxes, taxes,\nand more taxes!!",OK
556,0x683e3,0x469de3,入不敷出∼,Spending more than I earn~,OK
557,0x683f3,0x469df3,替你貼上封條！,Sealing it shut!,OK
558,0x68407,0x469e07,天下沒有\n永遠的敵人！,There are no permanent\nenemies in this world!,OK
559,0x68422,0x469e22,急什麼？！,What's the rush?!,OK
560,0x68432,0x469e32,回頭才有發展！,Going back is progress!,OK
561,0x68446,0x469e46,變更一下\n建築項目吧！,Change up the\nconstruction plan!,OK
562,0x68461,0x469e61,多停一下\n也不錯！,A little stopover\nisn't bad!,OK
563,0x68478,0x469e78,我不想走太快！,I don't want to go too fast!,OK
564,0x6848c,0x469e8c,我不是\n散財童子！,I'm not made\nof money!,OK
565,0x684a3,0x469ea3,你欺負人啊？！,You're picking on me?!,OK
566,0x684b7,0x469eb7,太過份了！！,That's too far!!,OK
567,0x684c9,0x469ec9,忍耐\n是有限度的！,My patience\nhas limits!,OK
568,0x684e0,0x469ee0,唉！回頭太難∼,Ah! Too hard to turn back~,OK
569,0x684f4,0x469ef4,蓋那個做什麼？,Why build that?,OK
570,0x68508,0x469f08,看你做的好事！,Look what you've done!,OK
571,0x6851c,0x469f1c,我跟你\n仇結大了！,You and I have a\nserious score to settle!,OK
572,0x68533,0x469f33,此仇不報\n非君子！,A true man never\nleaves a debt unpaid!,OK
573,0x6854a,0x469f4a,啊！東西怎麼\n不見了？,Ah! Where did\nmy stuff go?,OK
574,0x68565,0x469f65,你有完沒完？！,Will you ever stop?!,OK
575,0x68579,0x469f79,我一定要報仇！,I will have my revenge!,OK
576,0x6858d,0x469f8d,今天真倒楣！,What a day!,OK
577,0x6859f,0x469f9f,給我記住！,You'll remember this!,OK
578,0x685af,0x469faf,想白吃白喝啊？,"Freeloading, are we?",OK
579,0x685c3,0x469fc3,我才沒\n逃漏稅呢！,I'm no tax evader!,OK
580,0x685da,0x469fda,天下沒有\n永遠的朋友,There are no permanent\nfriends either,OK
581,0x685f3,0x469ff3,我不想當\n忍者龜啦！,I don't want to be\na Ninja Turtle!,OK
582,0x6860c,0x46a00c,老虎不發威，\n把我當病貓？！,"When the tiger doesn't roar,\nyou treat it like a house cat?!",OK
583,0x6862d,0x46a02d,借我\n週轉一下吧！,Lend me some money\nto tide me over!,OK
584,0x68644,0x46a044,買了它！,Buy it!,OK
585,0x68652,0x46a052,不好意思，換個\n地皮你看如何？,"Sorry, how about trading\nthis plot instead?",OK
586,0x68675,0x46a075,換個房子\n住住看也不錯。,Trying a different\nhouse sounds nice.,OK
587,0x68692,0x46a092,苦海無邊\n回頭是岸,The sea of suffering is boundless —\nturn back to shore,OK
588,0x686a9,0x46a0a9,換換口味吧,Time for a change,OK
589,0x686b9,0x46a0b9,家境清寒，\n變賣家產∼,Hard up — selling the family assets~,OK
590,0x686d4,0x46a0d4,神愛世人∼,God loves all~,OK
591,0x686e4,0x46a0e4,甜心∼出來吧！,Sweetheart~ come out!,OK
592,0x686f8,0x46a0f8,小黃！\n快來幫我∼,Rex! Come help me~,OK
593,0x6870f,0x46a10f,你蓋我就拆∼,"You build, I demolish~",OK
594,0x68721,0x46a121,哎喲∼\n你後面有什麼？,Oh my~ what's behind you?,OK
595,0x6873c,0x46a13c,站住別動！,Stop right there!,OK
596,0x6874c,0x46a14c,睡吧睡吧！,"Sleep, sleep!",OK
597,0x6875c,0x46a15c,小心\n別踩到狗屎啊！\n呵呵∼,Careful not to step in dog poop!\nHeh heh~,OK
598,0x6877c,0x46a17c,嘿嘿，\n可別怪我喔。,"Heh heh,\ndon't blame me.",OK
599,0x68795,0x46a195,別以為\n老娘好欺負！,Don't think you\ncan push me around!,OK
600,0x687ae,0x46a1ae,幸好\n我早有防備∼,Good thing I was prepared~,OK
601,0x687c5,0x46a1c5,不用找了，\n哈哈哈！,"Keep the change,\nhahaha!",OK
602,0x687de,0x46a1de,免死金牌在此！,My golden ticket\nis right here!,OK
603,0x687f2,0x46a1f2,惡靈退散！！！,"Begone, evil spirits!!!",OK
604,0x68806,0x46a206,嗯∼來嘛！,Mmm~ come on!,OK
605,0x68816,0x46a216,想投資\n跟著我就對啦！,"If you want to invest, follow me!",OK
606,0x68831,0x46a231,投「機」人，\n你們要小心嘍！,"Speculators, watch out!",OK
607,0x68852,0x46a252,看你一副\n逃漏稅的樣子。,You look like\na tax evader.,OK
608,0x6886f,0x46a26f,租金太便宜了，\n我都沒賺到錢。,Rent's so cheap\nI'm not making anything.,OK
609,0x68892,0x46a292,不覺得這條路的\n收費太貴了嗎？,Doesn't this road's\ntoll seem too high?,OK
610,0x688b5,0x46a2b5,跟我合作\n準沒錯！,Partner with me and you can't lose!,OK
611,0x688cc,0x46a2cc,慢慢走吧！\n哈哈哈！,Walk slowly!\nHahaha!,OK
612,0x688e5,0x46a2e5,山不轉路轉∼,"When the mountain won't turn, the road will~",OK
613,0x688f7,0x46a2f7,女人是善變的！,A woman's heart changes like the wind!,OK
614,0x6890b,0x46a30b,老娘走不動了！,I can't walk another step!,OK
615,0x6891f,0x46a31f,看我的厲害！,Watch my power!,OK
616,0x68931,0x46a331,心好痛喔！,My heart aches!,OK
617,0x68941,0x46a341,討厭啦！,You're awful!,OK
618,0x6894f,0x46a34f,不要啦∼,No way~,OK
619,0x6895d,0x46a35d,嗚∼欺負人家∼,Waa~ you're bullying me~,OK
620,0x68971,0x46a371,老娘\n不走回頭路！,I don't retrace my steps!,OK
621,0x68988,0x46a388,氣死我啦！,I'm FURIOUS!,OK
622,0x68998,0x46a398,誰偷了\n我的地契？,Who stole my land deed?,OK
623,0x689af,0x46a3af,你這個\n殺千刀的！！,You insufferable scoundrel!!,OK
624,0x689c8,0x46a3c8,沒人來\n守望相助嗎？,Is there no one to help a neighbor?,OK
625,0x689e1,0x46a3e1,這還有王法嗎？,Is there no law anymore?,OK
626,0x689f5,0x46a3f5,我趕著\n去約會耶！！,I'm rushing to a date!!,OK
627,0x68a0e,0x46a40e,你不會\n憐香惜玉啊？！,Have you no gentleness at all?!,OK
628,0x68a29,0x46a429,愛計較！！,Such a fussbudget!!,OK
629,0x68a39,0x46a439,終於認清\n你的真面目了！,Now I see your true colors!,OK
630,0x68a56,0x46a456,小氣巴拉∼,So stingy~,OK
631,0x68a66,0x46a466,啊！\n荷包大出血！,Ah! My wallet's bleeding!,OK
632,0x68a7d,0x46a47d,別想佔\n老娘便宜！,Don't try to take advantage of me!,OK
633,0x68a94,0x46a494,誰來載我一程∼,Someone give me a ride~,OK
634,0x68aa8,0x46a4a8,逗陣就是有緣∼,It's fate that brought us together~,OK
635,0x68abc,0x46a4bc,加減補助啦∼,Any little subsidy helps~,OK
636,0x68ace,0x46a4ce,老厝邊免計較∼,Old neighbors — no hard feelings~,OK
637,0x68ae2,0x46a4e2,這裡\n風水不壞喔∼,Not bad feng shui here~,OK
638,0x68af9,0x46a4f9,破厝換別莊！,Swap a shanty for a villa!,OK
639,0x68b0b,0x46a50b,少年人\n要知進退！,Young folk should know when to advance or retreat!,OK
640,0x68b22,0x46a522,我以早\n是土水師！,I used to be a mason!,OK
641,0x68b39,0x46a539,大俗賣！\n大俗賣！,BIG CLEARANCE SALE!\nBIG CLEARANCE SALE!,OK
642,0x68b50,0x46a550,起厝\n就要起歸排！,Build houses a whole row at a time!,OK
643,0x68b67,0x46a567,請到\n一個魔神仔∼,Calling the little demon~,OK
644,0x68b7e,0x46a57e,拆掉\n重蓋卡緊啦！,"Tear it down and rebuild, quick!",OK
645,0x68b95,0x46a595,拆厝喔！,House demolition!,OK
646,0x68ba3,0x46a5a3,我是賊仔賊公會\n的會長！,I'm the president of the Thieves Guild!,OK
647,0x68bc0,0x46a5c0,稍等一下唷！,Just a moment!,OK
648,0x68bd2,0x46a5d2,卡早睡咧\n卡有眠∼,Early to bed means better sleep~,OK
649,0x68be9,0x46a5e9,有魂無體\n親像稻草人∼,"A soul without a body, like a scarecrow~",OK
650,0x68c04,0x46a604,別人的失敗\n就是我的快樂！,Other people's failures are my happiness!,OK
651,0x68c23,0x46a623,報一咧\n老鼠啊冤！,"Pay up, deadbeat!",OK
652,0x68c3a,0x46a63a,歹勢！歹勢！,Sorry! Sorry!,OK
653,0x68c4c,0x46a64c,好家在！,Thank goodness!,OK
654,0x68c5a,0x46a65a,人不是阮殺的∼,I didn't kill anybody~,OK
655,0x68c6e,0x46a66e,奉送啟程！,Safe travels!,OK
656,0x68c7e,0x46a67e,拜請拜請！\n大仙王爺公，\n小仙王爺仔∼,"We summon you, great lords and little lords~",OK
657,0x68ca8,0x46a6a8,阮的現金目前\n攏寄在股市∼,All my cash is in the stock market~,OK
658,0x68cc7,0x46a6c7,股票不通意！！,The stocks won't move!!,OK
659,0x68cdb,0x46a6db,你敢有納稅？,Have you paid your taxes?,OK
660,0x68ced,0x46a6ed,起價卡好賺食！,A starting bid makes money!,OK
661,0x68d01,0x46a701,轉去呷自己啦！,Go home and eat your own food!,OK
662,0x68d15,0x46a715,跟我逗陣\n有好嘸壞∼,Hang with me — only upsides~,OK
663,0x68d2e,0x46a72e,呷緊弄破碗∼,Hasty eaters break their bowls~,OK
664,0x68d40,0x46a740,越頭卡快活！,Turning around is happier!,OK
665,0x68d52,0x46a752,起厝我專門科∼,Building houses is my specialty~,OK
666,0x68d66,0x46a766,不願行了！,I won't go!,OK
667,0x68d76,0x46a776,一步一腳印,One step at a time,OK
668,0x68d86,0x46a786,你跟我\n有冤仇喔！！,You and I have a blood feud!!,OK
669,0x68d9f,0x46a79f,你給我卡\n差不多ㄟ！！,Know your place!!,OK
670,0x68dba,0x46a7ba,乎你魯死！,I'll pester you to death!,OK
671,0x68dca,0x46a7ca,滿腹痛苦\n嘸人知∼,Full of pain and no one knows~,OK
672,0x68de1,0x46a7e1,嘸意嘸思！,Not interested!,OK
673,0x68df1,0x46a7f1,免你雞婆啦！,Don't be nosy!,OK
674,0x68e03,0x46a803,你捺ㄟ這失德！,How could you be so shameless!,OK
675,0x68e17,0x46a817,你有夠討債！！,You're such a burden!!,OK
676,0x68e2b,0x46a82b,你這個人\n真難逗陣！,You're a hard person to get along with!,OK
677,0x68e44,0x46a844,細漢偷挽瓠，\n大漢偷牽牛！,"Steals gourds as a child, steals oxen as an adult!",OK
678,0x68e63,0x46a863,進嘸步退嘸路∼,"Can't advance, can't retreat~",OK
679,0x68e77,0x46a877,大人啊！\n冤枉啊∼,"Your honor, I'm innocent~",OK
680,0x68e8e,0x46a88e,天公嘸目瞅喔！,Heaven has no eyes!,OK
681,0x68ea2,0x46a8a2,麥牽拖厝邊啦！,Don't drag neighbors into it!,OK
682,0x68eb6,0x46a8b6,噠嘛好啊！,Whatever works!,OK
683,0x68ec6,0x46a8c6,麥來這套！！,Don't pull that on me!!,OK
684,0x68ed8,0x46a8d8,望你給阮牽成∼,Hope you'll help me out~,OK
685,0x68eec,0x46a8ec,欺負老大人！,Bullying an old man!,OK
686,0x68efe,0x46a8fe,這是\n你們的榮幸！,It's an honor for you!,OK
687,0x68f15,0x46a915,嘻嘻∼\n別生氣喔！,Hee hee~ don't be mad!,OK
688,0x68f2c,0x46a92c,這裡\n本公主徵收了！,This land is hereby annexed by the princess!,OK
689,0x68f45,0x46a945,看得起你\n才跟你換！,I trade with you out of respect!,OK
690,0x68f5e,0x46a95e,由不得你說不！,You don't get a say!,OK
691,0x68f72,0x46a972,我命令你\n向後轉！,I command you: about face!,OK
692,0x68f89,0x46a989,你品味真差！！,You have terrible taste!!,OK
693,0x68f9d,0x46a99d,惡作劇一下。,Just a little prank.,OK
694,0x68faf,0x46a9af,萬能的天使！\n賜給我\n神奇的力量∼,Almighty angel!\nGrant me miraculous power~,OK
695,0x68fd5,0x46a9d5,好戲在後頭！！,The best is yet to come!!,OK
696,0x68fe9,0x46a9e9,來福！咬它！,Rex! Bite it!,OK
697,0x68ffb,0x46a9fb,景觀太差了吧？,"The view is terrible, no?",OK
698,0x6900f,0x46aa0f,你的東西\n本公主要了！,The princess will take your things!,OK
699,0x6902a,0x46aa2a,多休息一會吧！\n呵呵呵！,Rest a while!\nHeh heh heh!,OK
700,0x69047,0x46aa47,睡吧！\nBABY！,"Go to sleep, BABY!",OK
701,0x6905a,0x46aa5a,不要掉到\n水溝裡去喔！,Don't fall in a ditch!,OK
702,0x69075,0x46aa75,接受\n法律的制裁吧！,Face the judgment of the law!,OK
703,0x6908e,0x46aa8e,你休想得逞！,You won't get away with it!,OK
704,0x690a0,0x46aaa0,找個替死鬼∼,Find a scapegoat~,OK
705,0x690b2,0x46aab2,一毛都不給你！,Not a penny for you!,OK
706,0x690c6,0x46aac6,還好\n本公主命大。,Fortunately the princess\nhas a lucky star.,OK
707,0x690dd,0x46aadd,走開！\n別煩我！,Go away! Don't bother me!,OK
708,0x690f2,0x46aaf2,給本公主過來！,"Come here, at once!",OK
709,0x69106,0x46ab06,大漲長紅！,Soaring prices!,OK
710,0x69116,0x46ab16,跌到谷底∼,Rock bottom~,OK
711,0x69126,0x46ab26,繳錢給國庫吧！,Pay into the treasury!,OK
712,0x6913a,0x46ab3a,這裡\n收費太低了！,The tolls here are too low!,OK
713,0x69151,0x46ab51,禁止營業！,Closed for business!,OK
714,0x69161,0x46ab61,不必受寵若驚！,Don't be so flattered!,OK
715,0x69175,0x46ab75,慢慢來\n才不會跌倒,Go slow and you\nwon't fall,OK
716,0x6918c,0x46ab8c,換個角度\n看世界！,See the world from a different angle!,OK
717,0x691a3,0x46aba3,換個生意\n作作也好∼,A different business might be nice~,OK
718,0x691bc,0x46abbc,腳好酸喔∼,My feet are sore~,OK
719,0x691cc,0x46abcc,本公主\n要欣賞風景！,The princess wants to enjoy the view!,OK
720,0x691e5,0x46abe5,你這樣\n還叫窮啊？！,YOU call that poor?!,OK
721,0x691fe,0x46abfe,誰要賣你！！,Who'd sell to you!!,OK
722,0x69210,0x46ac10,什麼鳥不生蛋\n的地嘛。,What a godforsaken wasteland.,OK
723,0x6922b,0x46ac2b,不想跟你換\n都不行！！,"Like it or not, we're trading!!",OK
724,0x69246,0x46ac46,我走回去幹麼？,Why would I walk back?,OK
725,0x6925a,0x46ac5a,給我當心點,Watch yourself,OK
726,0x6926a,0x46ac6a,淑女報仇，\n三分鐘不晚,A lady's revenge\ncan wait three minutes,OK
727,0x69285,0x46ac85,我的洋房∼,My villa~,OK
728,0x69295,0x46ac95,沒關係！,It's fine!,OK
729,0x692a3,0x46aca3,我要告你！！,I'll sue!!,OK
730,0x692b5,0x46acb5,人家變成\n急凍人了啦！,I'm frozen solid!,OK
731,0x692d0,0x46acd0,我饒不了你！！,I'll never forgive you!!,OK
732,0x692e4,0x46ace4,唉！害人反害己,Ah! The schemer hoists himself!,OK
733,0x692f8,0x46acf8,真是無妄之災！,Such undeserved misfortune!,OK
734,0x6930c,0x46ad0c,下次就沒\n這麼好運了！,You won't be so lucky next time!,OK
735,0x69327,0x46ad27,真是吸血鬼∼,Such a bloodsucker~,OK
736,0x69339,0x46ad39,你也配\n跟我同盟？！,You dare ask for an\nalliance with ME?!,OK
737,0x69352,0x46ad52,小心能駛\n萬年船∼,Steady hands sail for ten thousand years~,OK
738,0x69369,0x46ad69,哈囉，分錢哦！,Hello! Time to split the money!,OK
739,0x6937d,0x46ad7d,抱歉抱歉，\n您沒事吧？,"Sorry, sorry! Are you OK?",OK
740,0x69398,0x46ad98,買地！買地！,Buy land! Buy land!,OK
741,0x693aa,0x46adaa,換地！換地！,Trade land! Trade land!,OK
742,0x693bc,0x46adbc,換間屋子吧！,Let's swap houses!,OK
743,0x693ce,0x46adce,轉向，轉向！,Turn! Turn!,OK
744,0x693e0,0x46ade0,給我改建吧！,Renovate it for me!,OK
745,0x693f2,0x46adf2,大拍賣！\n大拍賣！,BIG SALE!\nBIG SALE!,OK
746,0x69409,0x46ae09,阿門！,Amen!,OK
747,0x69415,0x46ae15,喔啦喔啦\n喔啦喔啦∼,Oh-la oh-la oh-la oh-la~,OK
748,0x6942e,0x46ae2e,哥基拉，上！,"Godzilla, attack!",OK
749,0x69440,0x46ae40,把你拆得\n稀巴爛！,I'll smash you to bits!,OK
750,0x69457,0x46ae57,謝啦，謝啦！,Thanks! Thanks!,OK
751,0x69469,0x46ae69,給我停！,STOP!,OK
752,0x69477,0x46ae77,晚安∼��,Sweet dreams~,DECODE_WARN
753,0x69485,0x46ae85,做個好夢吧∼��,Sweet dreams~,DECODE_WARN
754,0x69499,0x46ae99,莎唷那拉，\n再見！,"Sayonara, goodbye!",OK
755,0x694b0,0x46aeb0,復仇給你看！?,Revenge served cold!?,OK
756,0x694c3,0x46aec3,為我而死吧！,Die for me!,OK
757,0x694d5,0x46aed5,哎呀，我真是\n太受歡迎了！,"Oh my, I'm just SO popular!",OK
758,0x694f4,0x46aef4,呼呼呼，\n我是無敵的！,"Hoo hoo hoo, I am invincible!",OK
759,0x6950f,0x46af0f,拜拜，我的神∼,"Bye-bye, my god~",OK
760,0x69523,0x46af23,出來吧，\n我的神！,"Come forth, my god!",OK
761,0x6953a,0x46af3a,全壘打！,Home run!,OK
762,0x69548,0x46af48,怪醫黑傑克！,Black Jack!,OK
763,0x6955a,0x46af5a,喂喂，繳稅繳稅,"Hey hey, taxes, taxes",OK
764,0x6956e,0x46af6e,漲！漲！,Rise! Rise!,OK
765,0x6957c,0x46af7c,跌！跌！,Fall! Fall!,OK
766,0x6958a,0x46af8a,喔喔，\n我親愛的摯友∼,"Ohhh, my dearest friend~",OK
767,0x695a5,0x46afa5,脖子伸長點\n慢慢等吧！,Crane your neck and wait in vain!,OK
768,0x695c0,0x46afc0,回去吧！,Go back!,OK
769,0x695ce,0x46afce,重建！\n我要重建！,Rebuild! I want to rebuild!,OK
770,0x695e5,0x46afe5,等一等∼,Wait a moment~,OK
771,0x695f3,0x46aff3,欲速則不達！,Haste makes waste!,OK
772,0x69605,0x46b005,可惡，\n兩袖清風了啦！,"Darn it, I'm flat broke!",OK
773,0x69620,0x46b020,可恨，\n給我記著！,Damn you — remember this!,OK
774,0x69637,0x46b037,什…什麼？！,W-what?!,OK
775,0x69649,0x46b049,真…真的？,R-really?,OK
776,0x69659,0x46b059,啊？,Huh?,OK
777,0x69663,0x46b063,喂喂喂！\n我的房子呀！,Hey hey hey! My house!,OK
778,0x6967e,0x46b07e,啥？,Wha?,OK
779,0x69688,0x46b088,哇呀呀，不好！,"Waaah, this is bad!",OK
780,0x6969c,0x46b09c,住手！住手呀！,Stop! Stop it!,OK
781,0x696b0,0x46b0b0,你…\n你這個強盜！,You... you bandit!,OK
782,0x696c7,0x46b0c7,可惡！,Damn it!,OK
783,0x696d3,0x46b0d3,混帳東西，\n敢對我這樣？,"You wretch,\nhow dare you!",OK
784,0x696f0,0x46b0f0,別開玩笑了！,You must be joking!,OK
785,0x69702,0x46b102,放開我，\n放開我！,"Let go,\nlet go!",OK
786,0x69719,0x46b119,嘖！,Tsk!,OK
787,0x69723,0x46b123,糟糕，不妙！,"Oh no, this is bad!",OK
788,0x69735,0x46b135,喂，\n有什麼企圖…？,"Hmm,\nwhat are you up to...?",OK
789,0x6974e,0x46b14e,我不要啊∼！,I don't want to~!,OK
790,0x69760,0x46b160,我想買糖吃∼,I want candy~,OK
791,0x69772,0x46b172,生氣會長\n皺紋喔！,"Anger gives you\nwrinkles, you know!",OK
792,0x69789,0x46b189,好想要耶∼,I want it so bad~,OK
793,0x69799,0x46b199,你的好像\n比較好∼,Yours looks better~,OK
794,0x697b0,0x46b1b0,我的\n漂亮房子讓你住,You can stay in my\nlovely house,OK
795,0x697c9,0x46b1c9,想要\n回去看看嗎？,Want to go back\nand have a look?,OK
796,0x697e0,0x46b1e0,開個小玩笑！,Just a little joke!,OK
797,0x697f2,0x46b1f2,房價狂飆，\n不賣可惜！,Prices are soaring —\nit's a waste not to sell!,OK
798,0x6980d,0x46b20d,我來為\n大眾服務！,Here to serve\nthe public!,OK
799,0x69824,0x46b224,我要消除禍害！,I'll rid us of this menace!,OK
800,0x69838,0x46b238,令人期待\n的一刻！！,The moment\nwe've been waiting for!!,OK
801,0x69851,0x46b251,遵照都市計畫\n建設好嗎？,Shall we build according\nto the city plan?,OK
802,0x6986e,0x46b26e,借用一下！,Borrowing this!,OK
803,0x6987e,0x46b27e,就地休息\n一下吧！,Let's rest\nright here!,OK
804,0x69895,0x46b295,眾人皆睡\n我獨醒∼,"While everyone sleeps, I alone am awake~",OK
805,0x698ac,0x46b2ac,還亂跑？\n你該上床了！,Still wandering?\nTime for bed!,OK
806,0x698c7,0x46b2c7,呵呵！\n休息幾天吧！,Heh heh!\nRest up for a few days!,OK
807,0x698e0,0x46b2e0,要怪先怪自己吧,Blame yourself first,OK
808,0x698f4,0x46b2f4,不是故意的，\n別怪我喔,Didn't mean it —\ndon't blame me,OK
809,0x6990f,0x46b30f,請人家一下嘛！,"Please, just this once!",OK
810,0x69923,0x46b323,好壞喔，\n想害人家∼,"So mean, trying to hurt me~",OK
811,0x6993c,0x46b33c,啊哈去吧∼\n沒什麼了不起∼,"A-ha, go~\nIt's nothing~",OK
812,0x6995b,0x46b35b,我需要幫忙！！,I need help!!,OK
813,0x6996f,0x46b36f,選哪一支\n股票好呢？,Which stock\nshould I pick?,OK
814,0x69988,0x46b388,趕快脫手\n以免套牢喔！,Sell fast before\nyou're stuck holding!,OK
815,0x699a3,0x46b3a3,納稅是國民\n應盡的義務！,Taxes are every\ncitizen's duty!,OK
816,0x699c0,0x46b3c0,這樣\n才合乎成本嘛！,That's what it costs\nto make money!,OK
817,0x699d9,0x46b3d9,做做善事吧！,Do a good deed!,OK
818,0x699eb,0x46b3eb,我們是\n同一國的！,We're on\nthe same side!,OK
819,0x69a02,0x46b402,你走的很\n悠閒嘛！,You're walking\nrather leisurely!,OK
820,0x69a19,0x46b419,見風轉舵！,Blow with the wind!,OK
821,0x69a29,0x46b429,重新裝潢吧！,Time for a remodel!,OK
822,0x69a3b,0x46b43b,我想歇歇腳∼,Lemme rest my feet~,OK
823,0x69a4d,0x46b44d,人生\n何必太匆匆！,Why rush through life!,OK
824,0x69a64,0x46b464,我的錢∼,My money~,OK
825,0x69a72,0x46b472,我不想賣∼,I don't wanna sell~,OK
826,0x69a82,0x46b482,人家不要換啦∼,I don't wanna trade~,OK
827,0x69a96,0x46b496,討厭！！,You're mean!!,OK
828,0x69aa4,0x46b4a4,人家走的\n好好的∼,I was walking just fine~,OK
829,0x69abb,0x46b4bb,你都害人家∼,You always pick on me~,OK
830,0x69acd,0x46b4cd,請大家\n不要買啦∼,"Please, don't buy it~",OK
831,0x69ae4,0x46b4e4,嗚∼\n人家花了好久\n才蓋好的∼,Waa~ it took me forever to build~,OK
832,0x69b06,0x46b506,沒有人情味∼,So cold-hearted~,OK
833,0x69b18,0x46b518,嗚∼\n人家不管啦,Waa~ I don't care anymore!,OK
834,0x69b2d,0x46b52d,人家\n有事情要辦啦！,I have\nerrands to run!,OK
835,0x69b46,0x46b546,不跟你好了啦！,I'm not talking to you anymore!,OK
836,0x69b5a,0x46b55a,唉∼\n我自己活該倒楣,Ah~ I deserve this bad luck,OK
837,0x69b73,0x46b573,別找我麻煩！！,Don't mess with me!!,OK
838,0x69b87,0x46b587,這點錢\n都要賒賬∼,On credit for such a small amount~,OK
839,0x69b9e,0x46b59e,你太貪心了！,You're too greedy!,OK
840,0x69bb0,0x46b5b0,嗯！\n要做好朋友喔∼,Mm! Let's be good friends~,OK
841,0x69bc9,0x46b5c9,這樣走太慢了！,Walking this slow is crazy!,OK
842,0x69bdd,0x46b5dd,你們的錢\n就是我的錢！,Your money\nis MY money!,OK
843,0x69bf8,0x46b5f8,把錢捐給\n有需要的人吧！,Give the money to\nthose in need!,OK
844,0x69c15,0x46b615,這塊地賣我吧！,Sell me this land!,OK
845,0x69c29,0x46b629,烏咪\n要跟你換地！,Mimi wants to\ntrade land with you!,OK
846,0x69c40,0x46b640,烏咪\n想跟你換房子∼,Mimi wants to swap houses~,OK
847,0x69c59,0x46b659,耍得你團團轉！,I've got you spinning!,OK
848,0x69c6d,0x46b66d,我變我變\n我變變變∼,"Change, change, change-a-roo~",OK
849,0x69c86,0x46b686,烏咪要讓這塊地\n換主人∼,Mimi will give this land a new owner~,OK
850,0x69ca3,0x46b6a3,烏咪要\n請天使出來了！,Mimi is calling the angel!,OK
851,0x69cbe,0x46b6be,烏咪\n請惡魔懲罰你！,Mimi commands the demon to punish you!,OK
852,0x69cd7,0x46b6d7,哈！\n把它夷為平地！,Ha! Raze it to the ground!,OK
853,0x69cf0,0x46b6f0,嘻！\n不拆手癢∼,Hee! My fingers itch to demolish~,OK
854,0x69d05,0x46b705,東西給我！,Gimme your stuff!,OK
855,0x69d15,0x46b715,不准動！哈哈！,Freeze! Haha!,OK
856,0x69d29,0x46b729,睡覺時間到了！,Bedtime!,OK
857,0x69d3d,0x46b73d,請君保重，\n呵呵！,"Take care of yourself, heh heh!",OK
858,0x69d54,0x46b754,代替月亮\n懲罰你！！,"In the name of the moon,\nI'll punish you!!",OK
859,0x69d6d,0x46b76d,可惡！\n你也別想跑！,Damn it! You're not going anywhere!,OK
860,0x69d86,0x46b786,請你多多\n擔待吧！,Please forgive me!,OK
861,0x69d9d,0x46b79d,土匪啊！\n我才不付呢。,Highway robbery!\nI refuse to pay.,OK
862,0x69db8,0x46b7b8,神經！\n害不到我啦！,As if! You can't hurt me!,OK
863,0x69dd1,0x46b7d1,你走開啦！！,Go away!!,OK
864,0x69de3,0x46b7e3,我背你走！,I'll carry you!,OK
865,0x69df3,0x46b7f3,喔∼∼∼∼\n股票快漲價！,Ooh~~ stocks are about to rise!,OK
866,0x69e10,0x46b810,喔∼∼∼∼\n股票快跌！,Ooh~~ stocks are about to fall!,OK
867,0x69e2b,0x46b82b,被我抓到了吧！,Gotcha!,OK
868,0x69e3f,0x46b83f,這個地段\n也該漲價了吧？,Isn't it time this area's prices went up?,OK
869,0x69e5c,0x46b85c,斷水斷電，\n禁止營業！,Water and power cut — CLOSED!,OK
870,0x69e77,0x46b877,跟我一國\n好處多多喔！,Join my side — lots of perks!,OK
871,0x69e92,0x46b892,祝你像牠\n一樣長壽！,May you live as long as it does!,OK
872,0x69eab,0x46b8ab,翹頭囉！,Kicked the bucket!,OK
873,0x69eb9,0x46b8b9,這樣\n比較有賺頭∼,This makes more money~,OK
874,0x69ed0,0x46b8d0,再來一次！！,Once more!!,OK
875,0x69ee2,0x46b8e2,一塊地\n都不放過！！,Not a single plot\nspared!!,OK
876,0x69efb,0x46b8fb,下次誰敢\n靠近你呀？,Who'd dare come near\nyou now?,OK
877,0x69f14,0x46b914,烏咪會記住的,Mimi won't forget this,OK
878,0x69f26,0x46b926,烏咪不要換地,Mimi doesn't want to trade land,OK
879,0x69f38,0x46b938,烏咪生氣啦！,Mimi is ANGRY!,OK
880,0x69f4a,0x46b94a,別跟我說\n「回頭是岸」！！,"Don't tell me to\n""turn back""!!",OK
881,0x69f69,0x46b969,我有得罪你嗎？,Did I ever wrong you?,OK
882,0x69f7d,0x46b97d,誰買就是跟\n烏咪作對！！,Buy it and you're\nMimi's enemy!!,OK
883,0x69f9a,0x46b99a,烏咪討厭你！,Mimi hates you!,OK
884,0x69fac,0x46b9ac,是誰\n拆我的房子啊？,Who demolished\nmy house?,OK
885,0x69fc5,0x46b9c5,咬你喔！！！,I'll bite you!!!,OK
886,0x69fd7,0x46b9d7,寸步難行！！！,Can't move an inch!!!,OK
887,0x69feb,0x46b9eb,我跟你\n沒完沒了！,This isn't\nover between us!,OK
888,0x6a002,0x46ba02,哼！真不乾脆！,Hmph! So indecisive!,OK
889,0x6a016,0x46ba16,跟我沒關係！！,Not my problem!!,OK
890,0x6a02a,0x46ba2a,烏咪討厭\n賴賬的人！！,Mimi hates deadbeats!!,OK
891,0x6a045,0x46ba45,烏咪可虧大了！,Mimi lost big time!,OK
892,0x6a059,0x46ba59,別背叛烏咪喔！,Don't betray Mimi!,OK
893,0x6a06d,0x46ba6d,前途黑暗∼∼,The road ahead is dark~~,OK
894,0x6a07f,0x46ba7f,有飯大家吃，\n有錢大家花！,"Food for everyone,\nmoney for everyone!",OK
895,0x6a09e,0x46ba9e,拿些錢\n來花花吧！,Lend me some money\nto spend!,OK
896,0x6a0b5,0x46bab5,這棟房子\n不錯喔∼,Nice house~,OK
897,0x6a0cc,0x46bacc,打個商量吧！,Let's make a deal!,OK
898,0x6a0de,0x46bade,交換一下吧！,Let's swap!,OK
899,0x6a0f0,0x46baf0,苦海無邊，\n回頭是岸！,The sea of suffering is boundless —\nturn back to shore!,OK
900,0x6a10b,0x46bb0b,幫你換個\n新造型！,Here's a new look for you!,OK
901,0x6a122,0x46bb22,快喔！\n價高者得∼,Quick! Highest bidder wins~,OK
902,0x6a139,0x46bb39,天使降臨！！,The angel descends!!,OK
903,0x6a14b,0x46bb4b,惡魔現身！！,The demon appears!!,OK
904,0x6a15d,0x46bb5d,讓我來\n為民除害！！,I'll rid the people of this pest!!,OK
905,0x6a176,0x46bb76,維護市容整潔\n人人有責！,Keeping the city clean is everyone's duty!,OK
906,0x6a193,0x46bb93,你的就是我的，\n我的還是我的！,"What's yours is mine,\nand what's mine is mine!",OK
907,0x6a1b6,0x46bbb6,別急著走嘛！,Don't rush off!,OK
908,0x6a1c8,0x46bbc8,休息是為了走\n更長的路！,Rest is preparation for a longer road!,OK
909,0x6a1e5,0x46bbe5,過馬路\n要小心喔！,Careful crossing the street!,OK
910,0x6a1fc,0x46bbfc,人家\n不是故意的∼,I didn't\ndo it on purpose~,OK
911,0x6a213,0x46bc13,這是你自找的！,You asked for this!,OK
912,0x6a227,0x46bc27,委屈您了∼,Sorry for the trouble~,OK
913,0x6a237,0x46bc37,人家很窮的！,I'm very poor!,OK
914,0x6a249,0x46bc49,人家是無辜的∼,I'm innocent~,OK
915,0x6a25d,0x46bc5d,請您\n快快離開吧！！,Please leave right now!!,OK
916,0x6a276,0x46bc76,有請仙人降臨！,Summoning the immortal!,OK
917,0x6a28a,0x46bc8a,大紅股票\n高高漲！！,"Stocks in the red,\nsoaring high!!",OK
918,0x6a2a3,0x46bca3,跌個慘兮兮∼,"Falling, falling hard~",OK
919,0x6a2b5,0x46bcb5,好國民\n要繳稅喔！,Good citizens pay their taxes!,OK
920,0x6a2cc,0x46bccc,物價上漲囉！！,Prices are going up!!,OK
921,0x6a2e0,0x46bce0,嘻嘻！\n關門大吉！,Hee hee! Out of business!,OK
922,0x6a2f7,0x46bcf7,聯合次要敵人\n打擊主要敵人！,Unite with lesser enemies to defeat the main one!,OK
923,0x6a318,0x46bd18,嘻！\n你是屬烏龜的∼,Hee! Slowpoke~,OK
924,0x6a331,0x46bd31,掉個頭∼,U-turn~,OK
925,0x6a33f,0x46bd3f,這樣才賺錢！,That's how you make money!,OK
926,0x6a351,0x46bd51,我還不想走∼,I don't want to go yet~,OK
927,0x6a363,0x46bd63,步步為營,One step at a time,OK
928,0x6a371,0x46bd71,還我錢來∼,Pay me back~,OK
929,0x6a381,0x46bd81,人家的房子∼,My own house~,OK
930,0x6a393,0x46bd93,誰要你的爛地！,Who wants your lousy land!,OK
931,0x6a3a7,0x46bda7,哪有人這樣的！,How could anyone!,OK
932,0x6a3bb,0x46bdbb,我不要向後轉∼,I won't turn around~,OK
933,0x6a3cf,0x46bdcf,別雞婆∼∼,Stop butting in~~~,OK
934,0x6a3df,0x46bddf,那是非賣品！！,Not for sale!!,OK
935,0x6a3f3,0x46bdf3,哇！人家辛苦\n蓋的房子∼,Waa! The house I worked so hard to build~,OK
936,0x6a410,0x46be10,沒事拆人家\n房子幹嘛！,Why demolish other people's houses?!,OK
937,0x6a42b,0x46be2b,還給人家啦∼,Give it back~,OK
938,0x6a43d,0x46be3d,我要離開這裡！,I'm leaving!,OK
939,0x6a451,0x46be51,不要害人家啦∼,Stop hurting me~,OK
940,0x6a465,0x46be65,偷雞不著\n蝕把米∼,Went for wool and came home shorn~,OK
941,0x6a47c,0x46be7c,關人家什麼事！,What's it to you!,OK
942,0x6a490,0x46be90,小錢也要省？！,Saving pennies now?!,OK
943,0x6a4a4,0x46bea4,你憑什麼\n抽我稅？！,What gives you the right to tax me?!,OK
944,0x6a4bd,0x46bebd,誰要跟你好？！,Who wants to be your friend?!,OK
945,0x6a4d1,0x46bed1,爬呀爬呀\n過沙河∼,"Crawl, crawl across the sand river~",OK
946,0x6a4e8,0x46bee8,嘻嘻嘻∼,Hee hee hee~,OK
947,0x6a4f6,0x46bef6,小錢、小錢！,"Small change, small change!",OK
948,0x6a508,0x46bf08,我要據為己有！,I'm taking it for myself!,OK
949,0x6a51c,0x46bf1c,好玩嘛！,What fun!,OK
950,0x6a52a,0x46bf2a,我不是故意的！,I didn't mean it!,OK
951,0x6a53e,0x46bf3e,別走這邊！,Not this way!,OK
952,0x6a54e,0x46bf4e,我能幫助你嗎？,May I help you?,OK
953,0x6a562,0x46bf62,大拍賣！,BIG SALE!,OK
954,0x6a570,0x46bf70,哈利路亞！,Hallelujah!,OK
955,0x6a580,0x46bf80,陰陽魔界∼,The Twilight Zone~,OK
956,0x6a590,0x46bf90,喔！酷！,"Oh, cool!",OK
957,0x6a59e,0x46bf9e,別緊張！,Relax!,OK
958,0x6a5ac,0x46bfac,給我！,Gimme!,OK
959,0x6a5b8,0x46bfb8,別動！,Don't move!,OK
960,0x6a5c4,0x46bfc4,睡覺時間到了∼,Bedtime~,OK
961,0x6a5d8,0x46bfd8,就像一場夢∼,Just like a dream~,OK
962,0x6a5ea,0x46bfea,不過開開玩笑！,Just kidding!,OK
963,0x6a5fe,0x46bffe,你罪有應得！,You got what you deserved!,OK
964,0x6a610,0x46c010,太可憐了！,How pitiful!,OK
965,0x6a620,0x46c020,我才不付！,No way I'm paying!,OK
966,0x6a630,0x46c030,這不算什麼！,It's nothing!,OK
967,0x6a642,0x46c042,走開！,Go away!,OK
968,0x6a64e,0x46c04e,請過來！,Come here!,OK
969,0x6a65c,0x46c05c,我會轉運的！,My luck will turn!,OK
970,0x6a66e,0x46c06e,看我的！,Watch this!,OK
971,0x6a67c,0x46c07c,我會給你\n收據的！,I'll give you\na receipt!,OK
972,0x6a693,0x46c093,太好賺了∼,Easy money~,OK
973,0x6a6a3,0x46c0a3,結束營業！,Closed for business!,OK
974,0x6a6b3,0x46c0b3,嗨！我的朋友！,"Hi, my friend!",OK
975,0x6a6c7,0x46c0c7,減速慢行！,Slow down!,OK
976,0x6a6d7,0x46c0d7,快迴轉！,"U-turn, now!",OK
977,0x6a6e5,0x46c0e5,隆重開幕！,GRAND OPENING!,OK
978,0x6a6f5,0x46c0f5,休息一下！,Take a break!,OK
979,0x6a705,0x46c105,別走太快！,Don't walk too fast!,OK
980,0x6a715,0x46c115,拿去吧∼,Here you go~,OK
981,0x6a723,0x46c123,喔！虧大了！,Oh! I lost big!,OK
982,0x6a735,0x46c135,你會\n得到報應的！,You'll get\nwhat's coming to you!,OK
983,0x6a74c,0x46c14c,你竟敢\n這樣對我！,How dare you\ntreat me like this!,OK
984,0x6a763,0x46c163,我要告訴我爸！,I'm telling my dad!,OK
985,0x6a777,0x46c177,我恨你！,I hate you!,OK
986,0x6a785,0x46c185,我會要回來的！,I'll get it back!,OK
987,0x6a799,0x46c199,怪物！！！,MONSTER!!!,OK
988,0x6a7a9,0x46c1a9,沒什麼∼,Whatever~,OK
989,0x6a7b7,0x46c1b7,警察！！！,POLICE!!!,OK
990,0x6a7c7,0x46c1c7,讓我走！！,Let me go!!,OK
991,0x6a7d7,0x46c1d7,救命啊！,HELP!,OK
992,0x6a7e5,0x46c1e5,真倒楣！,So unlucky!,OK
993,0x6a7f3,0x46c1f3,為何是我？,Why me?,OK
994,0x6a803,0x46c203,給我錢！！,Gimme your money!!,OK
995,0x6a813,0x46c213,強盜！,ROBBER!,OK
996,0x6a81f,0x46c21f,嗨！擊個掌！,Hi! High five!,OK
997,0x6a831,0x46c231,喂！,HEY!,OK
998,0x6a83b,0x46c23b,@19,@19,OK
999,0x6a844,0x46c244,@19,@19,OK
1000,0x6a84d,0x46c24d,@11,@11,OK
1001,0x6a856,0x46c256,@12,@12,OK
1002,0x6a85f,0x46c25f,@11,@11,OK
1003,0x6a868,0x46c268,@12,@12,OK
1004,0x6a871,0x46c271,@11,@11,OK
1005,0x6a87a,0x46c27a,@12,@12,OK
1006,0x6a883,0x46c283,@11,@11,OK
1007,0x6a88c,0x46c28c,@19,@19,OK
1008,0x6a895,0x46c295,@08,@08,OK
1009,0x6a89e,0x46c29e,@08,@08,OK
1010,0x6a8a7,0x46c2a7,@08,@08,OK
1011,0x6a8b0,0x46c2b0,@12,@12,OK
1012,0x6a8b9,0x46c2b9,@18,@18,OK
1013,0x6a8c2,0x46c2c2,@18,@18,OK
1014,0x6a8cb,0x46c2cb,@19,@19,OK
1015,0x6a8d4,0x46c2d4,@08,@08,OK
1016,0x6a8dd,0x46c2dd,@19,@19,OK
1017,0x6a8e6,0x46c2e6,@11,@11,OK
1018,0x6a8ef,0x46c2ef,@12,@12,OK
1019,0x6a8f8,0x46c2f8,@11,@11,OK
1020,0x6a901,0x46c301,@12,@12,OK
1021,0x6a90a,0x46c30a,@20,@20,OK
1022,0x6a913,0x46c313,@20,@20,OK
1023,0x6a91c,0x46c31c,@11,@11,OK
1024,0x6a925,0x46c325,@12,@12,OK
1025,0x6a92e,0x46c32e,@11,@11,OK
1026,0x6a937,0x46c337,@14,@14,OK
1027,0x6a940,0x46c340,@19,@19,OK
1028,0x6a949,0x46c349,@14,@14,OK
1029,0x6a952,0x46c352,@14,@14,OK
1030,0x6a95b,0x46c35b,@14,@14,OK
1031,0x6a964,0x46c364,@14,@14,OK
1032,0x6a96d,0x46c36d,@03,@03,OK
1033,0x6a976,0x46c376,@08,@08,OK
1034,0x6a97f,0x46c37f,@05,@05,OK
1035,0x6a988,0x46c388,@07,@07,OK
1036,0x6a991,0x46c391,@03,@03,OK
1037,0x6a99a,0x46c39a,@07,@07,OK
1038,0x6a9a3,0x46c3a3,@10,@10,OK
1039,0x6a9ac,0x46c3ac,@08,@08,OK
1040,0x6a9b5,0x46c3b5,@03,@03,OK
1041,0x6a9be,0x46c3be,@05,@05,OK
1042,0x6a9c7,0x46c3c7,@07,@07,OK
1043,0x6a9d0,0x46c3d0,@10,@10,OK
1044,0x6a9d9,0x46c3d9,@13,@13,OK
1045,0x6a9e2,0x46c3e2,@09,@09,OK
1046,0x6a9eb,0x46c3eb,@15,@15,OK
1047,0x6a9f4,0x46c3f4,@08,@08,OK
1048,0x6a9fd,0x46c3fd,@14,@14,OK
1049,0x6aa06,0x46c406,@02,@02,OK
1050,0x651d8,0x466bd8,別忌妒我！,Don't be jealous!,OK
1051,0x651e8,0x466be8,鴻運當頭！,Fortune smiles upon me!,OK
1052,0x651f8,0x466bf8,運氣不差！,Not bad luck!,OK
1053,0x65208,0x466c08,我慘了,I'm ruined,OK
1054,0x65214,0x466c14,唉呦喂呀,Oh my goodness,OK
1055,0x65222,0x466c22,死不了人的,No one dies from this,OK
1056,0x65232,0x466c32,這是我應得的！,I deserve this!,OK
1057,0x65246,0x466c46,我是全球首富,I'm the richest person on Earth,OK
1058,0x65258,0x466c58,蠅頭小利∼,Peanuts~,OK
1059,0x65268,0x466c68,老本都快沒了∼,My savings are almost gone~,OK
1060,0x6527c,0x466c7c,真沒良心！,Have you no shame!,OK
1061,0x6528c,0x466c8c,拿去啦，\n不用找了∼,"Take it, keep the change~",OK
1062,0x652a5,0x466ca5,上帝保佑∼,God bless~,OK
1063,0x652b5,0x466cb5,耶穌保佑,Jesus saves,OK
1064,0x652c3,0x466cc3,letitbe,Let it be,OK
1065,0x652d0,0x466cd0,我真佩服自己,I'm so proud of myself,OK
1066,0x652e2,0x466ce2,我是個大地主,I'm a big landowner,OK
1067,0x652f4,0x466cf4,我要稱霸一方了,I'm going to rule these parts!,OK
1068,0x65308,0x466d08,兄弟，\n我記住你了,"Buddy,\nI won't forget this",OK
1069,0x6531f,0x466d1f,放我出去！,Let me out!,OK
1070,0x6532f,0x466d2f,我不要打針！！,I don't want a shot!!,OK
1071,0x65343,0x466d43,不要吵∼∼,Quiet~~,OK
1072,0x65353,0x466d53,別鬧了！,Cut it out!,OK
1073,0x65361,0x466d61,一場惡夢∼,A nightmare~,OK
1074,0x65371,0x466d71,哈哈！\n勝利總是在\n正義的一方！,Haha!\nVictory always\nto the just!,OK
1075,0x65395,0x466d95,不過是\n運氣差了點∼,It was just a bit of bad luck~,OK
1076,0x653ae,0x466dae,我要再接再勵，\n永往直前！,I'll keep trying\nand press on!,OK
1077,0x653cd,0x466dcd,阿拉真主！\n我讚美你！,Allah!\nI praise you!,OK
1078,0x653e8,0x466de8,感謝阿拉！,Praise be to Allah!,OK
1079,0x653f8,0x466df8,運氣好而已啦∼,Just good luck~,OK
1080,0x6540c,0x466e0c,OH∼NO！,OH~NO!,OK
1081,0x6541a,0x466e1a,比減肥\n更讓我痛苦！！,Worse than\ndieting!!,OK
1082,0x65435,0x466e35,人生不如意\n十有八九∼,Life rarely goes as you wish~,OK
1083,0x65450,0x466e50,呵∼\n別忌妒我啊！,Heh~ don't be jealous!,OK
1084,0x65467,0x466e67,我可是正正當當\n的賺錢喔！,I earn my money\nhonestly!,OK
1085,0x65486,0x466e86,嗯∼\n聚沙成塔！,Mm~ every grain of sand counts!,OK
1086,0x6549b,0x466e9b,我的心臟病\n要發作了∼,My heart is giving out~,OK
1087,0x654b6,0x466eb6,我會把它\n賺回來的！！,I'll earn it\nall back!!,OK
1088,0x654d1,0x466ed1,真捨不得！,So hard to let go!,OK
1089,0x654e1,0x466ee1,該你的\n還是會給你的！,What's owed to you\nwill come to you!,OK
1090,0x654fc,0x466efc,賺到了！,Cha-ching!,OK
1091,0x6550a,0x466f0a,能省則省。,Save where you can.,OK
1092,0x6551a,0x466f1a,大家別打\n這棟房子\n的主意喔！,Don't anyone get ideas\nabout THIS house!,OK
1093,0x6553c,0x466f3c,可別眼紅哪∼,Don't be jealous~,OK
1094,0x6554e,0x466f4e,羨慕吧！！,Envious?!!,OK
1095,0x6555e,0x466f5e,我怎麼會\n栽在你手上？,How did I end up\nbeaten by YOU?,OK
1096,0x65579,0x466f79,還剩幾天？,How many days left?,OK
1097,0x65589,0x466f89,我要特別看護！,I want a private nurse!,OK
1098,0x6559d,0x466f9d,呼嚕呼嚕∼,"Snore, snore~",OK
1099,0x655ad,0x466fad,我背不動你！！,I can't carry you!!,OK
1100,0x655c1,0x466fc1,累贅終於走了∼,The burden is finally gone~,OK
1101,0x655d5,0x466fd5,我的付出\n終於得到回報！,My efforts finally\npaid off!,OK
1102,0x655f2,0x466ff2,這怎麼可能？！,How is this possible?!,OK
1103,0x65606,0x467006,我要東山再起！,I'll make a comeback!,OK
1104,0x6561a,0x46701a,大吉大利！,Great fortune!,OK
1105,0x6562a,0x46702a,也該輪到我了！,It's my turn now!,OK
1106,0x6563e,0x46703e,太感激了！,A thousand thanks!,OK
1107,0x6564e,0x46704e,天亡我也∼,The heavens have forsaken me~,OK
1108,0x6565e,0x46705e,面對現實吧∼,Face reality~,OK
1109,0x65670,0x467070,為什麼\n要這樣對我？,Why would you\ndo this to me?,OK
1110,0x65689,0x467089,錢我多的是！,I've got money to spare!,OK
1111,0x6569b,0x46709b,謝謝∼,Thank you~,OK
1112,0x656a7,0x4670a7,聊勝於無！,Better than nothing!,OK
1113,0x656b7,0x4670b7,哇！囊空如洗∼,Wow! Flat broke~,OK
1114,0x656cb,0x4670cb,我已經\n忍無可忍了！,I've had\nabsolutely enough!,OK
1115,0x656e4,0x4670e4,別跟\n鐵公雞要錢！,Never ask a miser\nfor money!,OK
1116,0x656fb,0x4670fb,拔一毛以利\n天下不為也！,He won't pluck a single hair\nto help the world!,OK
1117,0x65718,0x467118,真是對不起！,I'm truly sorry!,OK
1118,0x6572a,0x46712a,省起來\n當老婆本！,Saving up for a\nwedding fund!,OK
1119,0x65741,0x467141,值得慶祝！,This calls for a celebration!,OK
1120,0x65751,0x467151,土地\n是多多益善！,Land — the more\nthe better!,OK
1121,0x65768,0x467168,房子\n沒人會嫌多∼,Nobody complains about too many houses!,OK
1122,0x6577f,0x46717f,君子報仇\n三年不晚！,A gentleman's revenge\ncan wait three years!,OK
1123,0x65798,0x467198,放我自由∼,Set me free~,OK
1124,0x657a8,0x4671a8,男兒有淚\n不輕彈∼,Real men don't cry easily~,OK
1125,0x657bf,0x4671bf,zzZZZ\nΖΖΖΖ,zzZZZ\nZZZZ,OK
1126,0x657d3,0x4671d3,去找別人！！,Go find someone else!!,OK
1127,0x657e5,0x4671e5,厄運終於\n離我遠去！,The bad luck has\nfinally left me!,OK
1128,0x657fe,0x4671fe,努力是有\n代價的！,Hard work pays off!,OK
1129,0x65815,0x467215,富貴如浮雲∼,Riches are fleeting clouds~,OK
1130,0x65827,0x467227,百折不撓，\n堅毅必勝！,Persevere and\nvictory is yours!,OK
1131,0x65842,0x467242,今夜做夢\n也會笑∼,I'll smile even in my dreams~,OK
1132,0x65859,0x467259,我是幸運女神！,I am the Goddess of Luck!,OK
1133,0x6586d,0x46726d,不賴嘛∼,Not bad~,OK
1134,0x6587b,0x46727b,天啊∼,God~,OK
1135,0x65887,0x467287,讓我死了吧！,Just kill me now!,OK
1136,0x65899,0x467299,我的媽媽呀！,Oh my goodness!,OK
1137,0x658ab,0x4672ab,帥呆了！,Looking sharp!,OK
1138,0x658b9,0x4672b9,噱海了！,Making a killing!,OK
1139,0x658c7,0x4672c7,賺翻了！,Raking it in!,OK
1140,0x658d5,0x4672d5,豈有此理！,Outrageous!,OK
1141,0x658e5,0x4672e5,不能打折嗎！！,Can't I get a discount!!,OK
1142,0x658f9,0x4672f9,為什麼？,Why?,OK
1143,0x65907,0x467307,撿回一條命！,Dodged a bullet!,OK
1144,0x65919,0x467319,真走運！,Such luck!,OK
1145,0x65927,0x467327,好險∼,That was close~,OK
1146,0x65933,0x467333,算你便宜一點，\n快來吧！,"I'll lower the price,\ncome on over!",OK
1147,0x65950,0x467350,哈哈哈！\n勝利在望！,Hahaha!\nVictory is near!,OK
1148,0x65969,0x467369,不怕死的\n就過來！,Come here\nif you dare!,OK
1149,0x65980,0x467380,老娘跟你沒完！,This isn't over!,OK
1150,0x65994,0x467394,放我出去！！！,LET ME OUT!!!,OK
1151,0x659a8,0x4673a8,唉！真倒霉,Ah! Such bad luck,OK
1152,0x659b8,0x4673b8,zzZZZZ\nＺＺＺ,zzZZZZ\nZZZ,OK
1153,0x659cb,0x4673cb,難道是\n我太有魅力？,Is it because\nI'm just too charming?,OK
1154,0x659e4,0x4673e4,離我遠一點！,Stay away from me!,OK
1155,0x659f6,0x4673f6,來賓請掌聲鼓勵！,"A round of applause, please!",OK
1156,0x65a0c,0x46740c,哇∼我要過\n少奶奶的生活！,Wow~ time to live in luxury!,OK
1157,0x65a2b,0x46742b,我錢夫人不會\n就這麼放棄的！,Madame Qian does not\ngive up that easily!,OK
1158,0x65a4c,0x46744c,福氣啦！,What luck!,OK
1159,0x65a5a,0x46745a,歹勢啦！,My bad!,OK
1160,0x65a68,0x467468,真好運！,Real lucky!,OK
1161,0x65a76,0x467476,捺會按呢？？,How could this be??,OK
1162,0x65a88,0x467488,有影嘸？！,Are you serious?!,OK
1163,0x65a98,0x467498,嘸蝦米！,No shrimp!,OK
1164,0x65aa6,0x4674a6,貪財！貪財！,Greedy! Greedy!,OK
1165,0x65ab8,0x4674b8,嘸魚蝦也好！,Even little shrimp will do!,OK
1166,0x65aca,0x4674ca,加減賺！,Every bit counts!,OK
1167,0x65ad8,0x4674d8,我苦！,Such suffering!,OK
1168,0x65ae4,0x4674e4,真衰∼,So unlucky~,OK
1169,0x65af0,0x4674f0,哇∼真歹命！,Waa~ such a hard life!,OK
1170,0x65b02,0x467502,天公伯保佑！,Heaven protect us!,OK
1171,0x65b14,0x467514,憨人有憨福！,Fools have their own luck!,OK
1172,0x65b26,0x467526,好哩家在！,Thank goodness!,OK
1173,0x65b36,0x467536,大家有閒\n來坐喔！,Stop by anytime!,OK
1174,0x65b4d,0x46754d,來泡茶啦！,Tea time!,OK
1175,0x65b5d,0x46755d,樓仔厝起歸排！,A whole row of townhouses!,OK
1176,0x65b71,0x467571,你家開黑店啊？,Running a crooked shop?,OK
1177,0x65b85,0x467585,冤枉啊！,Injustice!,OK
1178,0x65b93,0x467593,唉喲喂呀∼,Oy vey~,OK
1179,0x65ba3,0x4675a3,鼾鼾∼,Zzz~,OK
1180,0x65baf,0x4675af,啊！悽慘落魄∼,Ah! Utterly wretched~,OK
1181,0x65bc3,0x4675c3,早就好走啊∼,Should've walked ages ago~,OK
1182,0x65bd5,0x4675d5,天公疼憨人！,Heaven loves fools!,OK
1183,0x65be7,0x4675e7,火燒罟寮\n嘸魚網∼,"The net shack burned, no fishing nets~",OK
1184,0x65bfe,0x4675fe,愛拼才會贏！,You've gotta fight to win!,OK
1185,0x65c10,0x467610,福星高照！,Lucky star shining!,OK
1186,0x65c20,0x467620,天降鴻福！！,Fortune falls from heaven!!,OK
1187,0x65c32,0x467632,得意的一天！,A day of glory!,OK
1188,0x65c44,0x467644,飛來橫禍！,A bolt from the blue!,OK
1189,0x65c54,0x467654,無妄之災！,Undeserved disaster!,OK
1190,0x65c64,0x467664,真是不幸∼,Such misfortune~,OK
1191,0x65c74,0x467674,人無橫財不富！,"No windfall, no wealth!",OK
1192,0x65c88,0x467688,多多益善！,The more the better!,OK
1193,0x65c98,0x467698,塞牙縫都不夠！,Not even enough to fill a tooth gap!,OK
1194,0x65cac,0x4676ac,搶錢啊？！,Daylight robbery?!,OK
1195,0x65cbc,0x4676bc,哼！這點錢\n也要跟我拿∼,Hmph! Begging me for pocket change~,OK
1196,0x65cd9,0x4676d9,算本公主賞你的,Consider it a gift\nfrom the princess,OK
1197,0x65ced,0x4676ed,本公主\n就是不想付，\n怎樣？,The princess doesn't WANT to pay. So there!,OK
1198,0x65d0d,0x46770d,不付\n也是應該的。,Not paying\nis only right.,OK
1199,0x65d24,0x467724,諒你也不敢\n跟本公主收錢！,You wouldn't dare charge the princess!,OK
1200,0x65d43,0x467743,哈！不要命的\n就來啊！,Ha! Come if you've got a death wish!,OK
1201,0x65d5e,0x46775e,快來這裡玩玩！,Come play here!,OK
1202,0x65d72,0x467772,你們有得瞧囉！,You're in for a show!,OK
1203,0x65d86,0x467786,本公主跟你有\n深仇大恨嗎？,Did the princess wrong you somehow?,OK
1204,0x65da5,0x4677a5,還不放我出去！,Let me out of here!,OK
1205,0x65db9,0x4677b9,我要住\n頭等病房！！！,I demand a private ward!!!,OK
1206,0x65dd4,0x4677d4,我不睏∼,I'm not sleepy~,OK
1207,0x65de2,0x4677e2,別弄髒\n我的衣服！！,Don't dirty my clothes!!,OK
1208,0x65dfb,0x4677fb,終於肯走了！,Finally leaving!,OK
1209,0x65e0d,0x46780d,你們都不是\n對手！！,None of you can match me!!,OK
1210,0x65e26,0x467826,一定有誰\n作弊啦！,Someone must be\ncheating!,OK
1211,0x65e3d,0x46783d,本公主\n決不放棄！,This princess never gives up!,OK
1212,0x65e54,0x467854,萬歲！\n中大獎了！,Yay! Grand prize!,OK
1213,0x65e6b,0x46786b,Lucky！\n運氣不錯！,Lucky!\nNice luck!,OK
1214,0x65e83,0x467883,最近\n運氣不錯嘛！,Luck's been good lately!,OK
1215,0x65e9a,0x46789a,可恨，混帳烏龜\n王八蛋！,"Curse you,\nyou miserable\nturtle!",OK
1216,0x65eb7,0x4678b7,為…為什麼？,W-why?,OK
1217,0x65ec9,0x4678c9,嘖，有夠倒楣…,"Tsk, such terrible luck...",OK
1218,0x65edd,0x4678dd,哈哈哈，\n真是幸運！,"Hahaha,\nwhat luck!",OK
1219,0x65ef6,0x4678f6,喔，進帳了！,"Oh, money in the bank!",OK
1220,0x65f08,0x467908,不錯不錯，\n總比沒有好…,Not bad —\nbetter than nothing...,OK
1221,0x65f25,0x467925,啊啊啊…\n世事無常…,Ahh...\nlife is so fleeting...,OK
1222,0x65f3e,0x46793e,嘖，這麼貴呀！,"Tsk, so expensive!",OK
1223,0x65f52,0x467952,小意思，\n小意思！,"Pocket change,\npocket change!",OK
1224,0x65f69,0x467969,哈哈哈，\n很羨慕吧！,"Hahaha,\nyou're jealous, aren't you!",OK
1225,0x65f82,0x467982,哈哈，幸運！,"Haha, lucky!",OK
1226,0x65f94,0x467994,哼，\n這剛剛好而已！,"Hmph,\nthat's just enough!",OK
1227,0x65fad,0x4679ad,喔喔，\n我真了不起！,"Ohhh,\nI'm amazing!",OK
1228,0x65fc6,0x4679c6,呵呵呵，\n我還滿行的嘛！,"Heh heh heh, I've still got it!",OK
1229,0x65fe3,0x4679e3,呼呼呼，\n誰會來呢，\n真令人期待！,"Hoo hoo hoo, who will come next? So exciting!",OK
1230,0x66009,0x467a09,你．給．我．\n記·著！,You. Will.\nRemember. This!,OK
1231,0x66024,0x467a24,放我出去！\n我是無辜的！,Let me out! I'm innocent!,OK
1232,0x66041,0x467a41,嗨，漂亮的護士\n妹妹在哪兒？,"Hi, where's the\npretty nurse?",OK
1233,0x66062,0x467a62,ZZZ…,ZZZ...,OK
1234,0x6606d,0x467a6d,為什麼是我？,Why me?,OK
1235,0x6607f,0x467a7f,呼…\n終於走掉了！,Phew... finally gone!,OK
1236,0x66096,0x467a96,呵呵呵，\n功成名就啦！,"Heh heh heh, success and fame!",OK
1237,0x660b1,0x467ab1,可恨…\n最近有夠背！,Damn... such an unlucky streak!,OK
1238,0x660ca,0x467aca,畜生，\n我偏不信邪！,Curse it — I refuse to believe it!,OK
1239,0x660e3,0x467ae3,可喜可賀！,A cause for celebration!,OK
1240,0x660f3,0x467af3,好幸福喔！,I'm so happy!,OK
1241,0x66103,0x467b03,嗯∼我很滿意！,Mm~ I'm very satisfied!,OK
1242,0x66117,0x467b17,真淒慘∼,So tragic~,OK
1243,0x66125,0x467b25,不跟你好了！！,I'm not talking to you anymore!,OK
1244,0x66139,0x467b39,好倒楣喔∼,So unlucky~,OK
1245,0x66149,0x467b49,我是小富婆∼,I'm a little rich lady~,OK
1246,0x6615b,0x467b5b,哇！賺到了,Wow! Cha-ching!,OK
1247,0x6616b,0x467b6b,怎麼\n不多給一點？,Why not pay me more?,OK
1248,0x66182,0x467b82,太誇張了！,That's outrageous!,OK
1249,0x66192,0x467b92,賺的都不夠賠！,My earnings can't cover losses!,OK
1250,0x661a6,0x467ba6,唉！\n錢乃身外之物∼,Ah! Money's just a worldly thing~,OK
1251,0x661bf,0x467bbf,別想我會付錢！,Don't expect me to pay!,OK
1252,0x661d3,0x467bd3,下次再給你∼,I'll pay you next time~,OK
1253,0x661e5,0x467be5,省起來！,Save it!,OK
1254,0x661f3,0x467bf3,萬丈高樓\n平地起！！,Even the tallest tower starts from the ground!!,OK
1255,0x6620c,0x467c0c,總算買到了！,Finally bought it!,OK
1256,0x6621e,0x467c1e,好棒喔！,Wonderful!,OK
1257,0x6622c,0x467c2c,為什麼\n要欺負我？,Why are you\nbullying me?,OK
1258,0x66243,0x467c43,放我出去！,Let me out!,OK
1259,0x66253,0x467c53,我要回家∼,I want to go home~,OK
1260,0x66263,0x467c63,ΖΖΖΖΖ,zzZZZ,OK
1261,0x66273,0x467c73,魔鬼！！,DEVIL!!,OK
1262,0x66281,0x467c81,最好\n離我遠遠的∼,You'd better steer clear~,OK
1263,0x66298,0x467c98,回家啦∼,Going home~,OK
1264,0x662a6,0x467ca6,嗚∼\n一毛都不剩∼,Waa~ not a penny left~,OK
1265,0x662bd,0x467cbd,讓我\n再玩一次吧！,Let me play one more time!,OK
1266,0x662d4,0x467cd4,漂亮！,Beautiful!,OK
1267,0x662e0,0x467ce0,酷斃了！,So cool!,OK
1268,0x662ee,0x467cee,哈哈！\n今天真高興！,Haha! So happy today!,OK
1269,0x66307,0x467d07,不可能！！,Impossible!!,OK
1270,0x66317,0x467d17,走霉運！,Bad luck!,OK
1271,0x66325,0x467d25,太失敗了！,What a failure!,OK
1272,0x66335,0x467d35,大豐收！！,Big harvest!!,OK
1273,0x66345,0x467d45,哈！意外之財,Ha! A windfall!,OK
1274,0x66357,0x467d57,才這點錢啊？,That's all?!,OK
1275,0x66369,0x467d69,為什麼會是我？,Why me?,OK
1276,0x6637d,0x467d7d,有沒有搞錯啊？,Is this a joke?,OK
1277,0x66391,0x467d91,不要緊∼,It's fine~,OK
1278,0x6639f,0x467d9f,捏了一把冷汗∼,That was a close call~,OK
1279,0x663b3,0x467db3,太痛快了！,So satisfying!,OK
1280,0x663c3,0x467dc3,不是我\n不給你喔！,It's not that I\nwon't give it to you!,OK
1281,0x663da,0x467dda,真有成就感！！,So fulfilling!!,OK
1282,0x663ee,0x467dee,你也來試試看嘛,You should try it too,OK
1283,0x66402,0x467e02,歡迎大家來玩！,Everyone come play!,OK
1284,0x66416,0x467e16,為什麼\n要跟烏咪作對？,Why would you oppose\nMimi?,OK
1285,0x66431,0x467e31,烏咪沒有犯罪！,Mimi did nothing wrong!,OK
1286,0x66445,0x467e45,醫生在哪裡？,Where's the doctor?,OK
1287,0x66457,0x467e57,zzzzzz\nZZZZZZ,zzzzzz\nZZZZZZ,OK
1288,0x6646a,0x467e6a,提心弔膽∼∼,On pins and needles~~,OK
1289,0x6647c,0x467e7c,終於可以\n鬆一口氣了∼,"Finally, I can breathe again~",OK
1290,0x66497,0x467e97,你們都不是\n烏咪的對手啦！,None of you can match Mimi!,OK
1291,0x664b6,0x467eb6,你們爭氣點\n行不行？,Could you please\nshape up?,OK
1292,0x664cf,0x467ecf,再接再勵！,Keep it up!,OK
1293,0x664df,0x467edf,我是不是\n在作夢啊？,Am I dreaming?,OK
1294,0x664f8,0x467ef8,太高興了！,So happy!,OK
1295,0x66508,0x467f08,好的開始\n是成功的一半！,Well begun is half done!,OK
1296,0x66525,0x467f25,完蛋了！,I'm doomed!,OK
1297,0x66533,0x467f33,慘了∼,Oh no~,OK
1298,0x6653f,0x467f3f,人家不管啦！,I don't care anymore!,OK
1299,0x66551,0x467f51,哈！財源滾滾。,Ha! Wealth rolling in!,OK
1300,0x66565,0x467f65,好樣的！,Nice one!,OK
1301,0x66573,0x467f73,嘻∼積少成多！,Hee~ every little bit counts!,OK
1302,0x66587,0x467f87,人家付不起啦！,I can't afford it!,OK
1303,0x6659b,0x467f9b,唉∼花錢消災！,Ah~ money to ward off misfortune!,OK
1304,0x665af,0x467faf,小意思∼,Pocket change~,OK
1305,0x665bd,0x467fbd,嚇人家一跳！！,You startled me!!,OK
1306,0x665d1,0x467fd1,真是萬幸！,What a relief!,OK
1307,0x665e1,0x467fe1,還好沒事∼,Good thing nothing happened~,OK
1308,0x665f1,0x467ff1,人家真能幹！,I'm so capable!,OK
1309,0x66603,0x468003,有空來坐坐吧！,Come visit anytime!,OK
1310,0x66617,0x468017,太棒了！,Wonderful!,OK
1311,0x66625,0x468025,錢都被你\n拿光了！,You took ALL my money!,OK
1312,0x6663c,0x46803c,人家是無辜的∼,I'm innocent~,OK
1313,0x66650,0x468050,嗚嗚嗚∼∼∼,Waaaa~~~,OK
1314,0x66662,0x468062,嗯∼,Mm~,OK
1315,0x6666c,0x46806c,不要找我∼,Don't come to me~,OK
1316,0x6667c,0x46807c,呼∼總算走了！,Phew~ finally gone!,OK
1317,0x66690,0x468090,呵呵呵∼\n承讓了！,Heh heh heh~ I concede!,OK
1318,0x666a7,0x4680a7,嗚∼人家一毛\n也不剩了。,Waa~ not a single penny left.,OK
1319,0x666c4,0x4680c4,我不甘心！\n我要捲土重來！,I refuse to accept this!\nI'll make a comeback!,OK
1320,0x666e3,0x4680e3,帥呆了！,Looking sharp!,OK
1321,0x666f1,0x4680f1,太妙了！,Brilliant!,OK
1322,0x666ff,0x4680ff,喔！耶！,Oh yay!,OK
1323,0x6670d,0x46810d,媽媽咪呀！,Mamma mia!,OK
1324,0x6671d,0x46811d,喔！我的天啊！,"Oh, my God!",OK
1325,0x66731,0x468131,我不相信！,I don't believe it!,OK
1326,0x66741,0x468141,我是有錢人！,I'm rich!,OK
1327,0x66753,0x468153,我賺大錢了！,I made a fortune!,OK
1328,0x66765,0x468165,不錯嘛！,Not bad!,OK
1329,0x66773,0x468173,太貴了！,Too expensive!,OK
1330,0x66781,0x468181,我破產了！,I'm bankrupt!,OK
1331,0x66791,0x468191,沒什麼大不了！,It's nothing!,OK
1332,0x667a5,0x4681a5,幸運！,Lucky!,OK
1333,0x667b1,0x4681b1,感謝上帝！,Thank God!,OK
1334,0x667c1,0x4681c1,太美了！,How beautiful!,OK
1335,0x667cf,0x4681cf,好極了！,Excellent!,OK
1336,0x667dd,0x4681dd,太棒了！,Wonderful!,OK
1337,0x667eb,0x4681eb,萬歲！,Hooray!,OK
1338,0x667f7,0x4681f7,你不能\n這樣對我！,You can't do this to me!,OK
1339,0x6680e,0x46820e,讓我出去！,Let me out!,OK
1340,0x6681e,0x46821e,我沒有生病！,I'm not sick!,OK
1341,0x66830,0x468230,我不累∼,I'm not tired~,OK
1342,0x6683e,0x46823e,喔！不！,Oh no!,OK
1343,0x6684c,0x46824c,感謝老天！,Thank heavens!,OK
1344,0x6685c,0x46825c,我是贏家！,I'm the winner!,OK
1345,0x6686c,0x46826c,不公平！,Not fair!,OK
1346,0x6687a,0x46827a,讓我再玩一次！,Let me play again!,OK
1347,0x6688e,0x46828e,@04,@04,OK
1348,0x66897,0x468297,@16,@16,OK
1349,0x668a0,0x4682a0,@01,@01,OK
1350,0x668a9,0x4682a9,@03,@03,OK
1351,0x668b2,0x4682b2,@10,@10,OK
1352,0x668bb,0x4682bb,@13,@13,OK
1353,0x668c4,0x4682c4,@17,@17,OK
1354,0x668cd,0x4682cd,@21,@21,OK
1355,0x668d6,0x4682d6,@15,@15,OK
1356,0x668df,0x4682df,@03,@03,OK
1357,0x668e8,0x4682e8,@10,@10,OK
1358,0x668f1,0x4682f1,@13,@13,OK
1359,0x668fa,0x4682fa,@05,@05,OK
1360,0x66903,0x468303,@02,@02,OK
1361,0x6690c,0x46830c,@07,@07,OK
1362,0x66915,0x468315,@04,@04,OK
1363,0x6691e,0x46831e,@16,@16,OK
1364,0x66927,0x468327,@01,@01,OK
1365,0x66930,0x468330,@08,@08,OK
1366,0x66939,0x468339,@10,@10,OK
1367,0x66942,0x468342,@17,@17,OK
1368,0x6694b,0x46834b,@18,@18,OK
1369,0x66954,0x468354,@03,@03,OK
1370,0x6695d,0x46835d,@04,@04,OK
1371,0x66966,0x468366,@16,@16,OK
1372,0x6696f,0x46836f,@03,@03,OK
1373,0x66978,0x468378,@20,@20,OK
